year,budburst,flowers,leafout,flobuds,flobudburst,fruit,ripefruit,budset,leafcolor,provenance.lat,provenance.long,treeid,spp,pgs,fgs,budburstGDD,budsetGDD,leafoutGDD,leafcolorGDD,pgsGDD,fgsGDD,sppyear,budsetAVG,budsetGDDAVG,pgsGDDAVG,fullGDD,siteplot,site,plot,replicate
2018,107,NA,124,NA,NA,NA,NA,274,297,44.794942,-71.146683,ALNINC_GR11_P1,ALNINC,150,173,171.1777777777778,2649.3861111111105,310.475,2824.0361111111097,2338.9111111111106,2513.5611111111098,ALNINC2018,270,2611.2166666666662,2300.7416666666663,2950.9972222222204,GR11,GR,11,P1
2019,NA,NA,115,NA,NA,NA,NA,249,245,44.794942,-71.146683,ALNINC_GR11_P1,ALNINC,134,130,NA,2186.3972222222224,253.60277777777776,2130.6666666666665,1932.7944444444447,1877.0638888888889,ALNINC2019,263,2347.4972222222227,2093.894444444445,2826.3750000000005,GR11,GR,11,P1
2020,91,NA,154,NA,NA,NA,268,268,241,44.794942,-71.146683,ALNINC_GR11_P1,ALNINC,114,87,150.44444444444449,2498.5277777777765,544.4166666666665,2151.1388888888882,1954.11111111111,1606.7222222222217,ALNINC2020,281,2659.222222222221,2114.8055555555543,3024.833333333331,GR11,GR,11,P1
2018,103,NA,124,NA,NA,NA,NA,268,NA,44.794942,-71.146683,ALNINC_GR11_P15,ALNINC,144,NA,161.7027777777778,2579.969444444444,310.475,NA,2269.494444444444,NA,ALNINC2018,270,2611.2166666666662,2300.7416666666663,2950.9972222222204,GR11,GR,11,P15
2019,93,NA,119,NA,NA,NA,NA,263,240,44.794942,-71.146683,ALNINC_GR11_P15,ALNINC,144,121,109.77222222222221,2347.4972222222227,269.6416666666667,2053.336111111111,2077.855555555556,1783.6944444444446,ALNINC2019,263,2347.4972222222227,2077.855555555556,2826.3750000000005,GR11,GR,11,P15
2020,NA,119,143,NA,NA,NA,NA,282,263,44.794942,-71.146683,ALNINC_GR11_P15,ALNINC,139,120,NA,2665.0277777777765,415.6666666666665,2452.9999999999986,2249.36111111111,2037.3333333333321,ALNINC2020,281,2659.222222222221,2243.5555555555543,3024.833333333331,GR11,GR,11,P15
2018,NA,NA,142,NA,NA,NA,NA,246,304,44.794942,-71.146683,ALNINC_GR8_P16,ALNINC,104,162,NA,2267.5999999999995,488.41388888888883,2843.824999999999,1779.1861111111107,2355.41111111111,ALNINC2018,270,2611.2166666666662,2122.8027777777775,2950.9972222222204,GR8,GR,8,P16
2019,97,NA,127,NA,NA,NA,NA,263,240,44.794942,-71.146683,ALNINC_GR8_P16,ALNINC,136,113,128.325,2347.4972222222227,309.5583333333334,2053.336111111111,2037.9388888888893,1743.7777777777778,ALNINC2019,263,2347.4972222222227,2037.9388888888893,2826.3750000000005,GR8,GR,8,P16
2020,NA,NA,143,NA,NA,NA,275,282,293,44.794942,-71.146683,ALNINC_GR8_P16,ALNINC,139,150,NA,2665.0277777777765,415.6666666666665,2752.5833333333317,2249.36111111111,2336.916666666665,ALNINC2020,281,2659.222222222221,2243.5555555555543,3024.833333333331,GR8,GR,8,P16
2018,107,NA,124,NA,NA,NA,NA,274,NA,44.794942,-71.146683,ALNINC_GR1_P3,ALNINC,150,NA,171.1777777777778,2649.3861111111105,310.475,NA,2338.9111111111106,NA,ALNINC2018,270,2611.2166666666662,2300.7416666666663,2950.9972222222204,GR1,GR,1,P3
2018,103,NA,124,NA,NA,NA,NA,274,304,44.794942,-71.146683,ALNINC_GR11A_P3,ALNINC,150,180,161.7027777777778,2649.3861111111105,310.475,2843.824999999999,2338.9111111111106,2533.349999999999,ALNINC2018,270,2611.2166666666662,2300.7416666666663,2950.9972222222204,GR11A,GR,11,P3
2018,103,NA,124,NA,NA,NA,NA,274,NA,44.794942,-71.146683,ALNINC_GR11B_P3,ALNINC,150,NA,161.7027777777778,2649.3861111111105,310.475,NA,2338.9111111111106,NA,ALNINC2018,270,2611.2166666666662,2300.7416666666663,2950.9972222222204,GR11B,GR,11,P3
2018,107,NA,124,NA,NA,NA,NA,274,297,44.794942,-71.146683,ALNINC_GR8_P3,ALNINC,150,173,171.1777777777778,2649.3861111111105,310.475,2824.0361111111097,2338.9111111111106,2513.5611111111098,ALNINC2018,270,2611.2166666666662,2300.7416666666663,2950.9972222222204,GR8,GR,8,P3
2019,100,129,119,NA,NA,155,NA,274,240,44.794942,-71.146683,ALNINC_GR1_P3,ALNINC,155,121,132.5222222222222,2503.252777777778,269.6416666666667,2053.336111111111,2233.6111111111113,1783.6944444444446,ALNINC2019,263,2347.4972222222227,2077.855555555556,2826.3750000000005,GR1,GR,1,P3
2019,NA,NA,112,NA,NA,NA,NA,274,240,44.794942,-71.146683,ALNINC_GR11A_P3,ALNINC,162,128,NA,2503.252777777778,235.5222222222222,2053.336111111111,2267.730555555556,1817.813888888889,ALNINC2019,263,2347.4972222222227,2111.9750000000004,2826.3750000000005,GR11A,GR,11,P3
2019,97,100,119,NA,86,214,NA,274,240,44.794942,-71.146683,ALNINC_GR11B_P3,ALNINC,155,121,128.325,2503.252777777778,269.6416666666667,2053.336111111111,2233.6111111111113,1783.6944444444446,ALNINC2019,263,2347.4972222222227,2077.855555555556,2826.3750000000005,GR11B,GR,11,P3
2019,97,123.5,119,NA,NA,150,221,274,240,44.794942,-71.146683,ALNINC_GR8_P3,ALNINC,155,121,128.325,2503.252777777778,269.6416666666667,2053.336111111111,2233.6111111111113,1783.6944444444446,ALNINC2019,263,2347.4972222222227,2077.855555555556,2826.3750000000005,GR8,GR,8,P3
2020,98,NA,143,NA,NA,NA,275,282,293,44.794942,-71.146683,ALNINC_GR1_P3,ALNINC,139,150,173.6666666666667,2665.0277777777765,415.6666666666665,2752.5833333333317,2249.36111111111,2336.916666666665,ALNINC2020,281,2659.222222222221,2243.5555555555543,3024.833333333331,GR1,GR,1,P3
2020,85,NA,154,NA,NA,NA,275,282,293,44.794942,-71.146683,ALNINC_GR11A_P3,ALNINC,128,139,138.13888888888894,2665.0277777777765,544.4166666666665,2752.5833333333317,2120.61111111111,2208.166666666665,ALNINC2020,281,2659.222222222221,2114.8055555555543,3024.833333333331,GR11A,GR,11,P3
2020,98,NA,148,NA,NA,NA,NA,282,275,44.794942,-71.146683,ALNINC_GR11B_P3,ALNINC,134,127,173.6666666666667,2665.0277777777765,469.55555555555543,2606.083333333332,2195.472222222221,2136.5277777777765,ALNINC2020,281,2659.222222222221,2189.666666666665,3024.833333333331,GR11B,GR,11,P3
2020,91,108,154,NA,NA,NA,NA,282,293,44.794942,-71.146683,ALNINC_GR8_P3,ALNINC,128,139,150.44444444444449,2665.0277777777765,544.4166666666665,2752.5833333333317,2120.61111111111,2208.166666666665,ALNINC2020,281,2659.222222222221,2114.8055555555543,3024.833333333331,GR8,GR,8,P3
2018,103,NA,128,NA,NA,NA,NA,268,NA,44.794942,-71.146683,ALNINC_GR1_P5,ALNINC,140,NA,161.7027777777778,2579.969444444444,351.5,NA,2228.469444444444,NA,ALNINC2018,270,2611.2166666666662,2259.7166666666662,2950.9972222222204,GR1,GR,1,P5
2018,114,NA,124,NA,NA,NA,NA,263,NA,44.794942,-71.146683,ALNINC_GR8A_P5,ALNINC,139,NA,202.07222222222225,2530.8499999999995,310.475,NA,2220.3749999999995,NA,ALNINC2018,270,2611.2166666666662,2300.7416666666663,2950.9972222222204,GR8A,GR,8A,P5
2018,107,NA,124,NA,NA,NA,NA,268,297,44.794942,-71.146683,ALNINC_GR8B_P5,ALNINC,144,173,171.1777777777778,2579.969444444444,310.475,2824.0361111111097,2269.494444444444,2513.5611111111098,ALNINC2018,270,2611.2166666666662,2300.7416666666663,2950.9972222222204,GR8B,GR,8B,P5
2019,97,125,119,NA,NA,147,NA,263,240,44.794942,-71.146683,ALNINC_GR1_P5,ALNINC,144,121,128.325,2347.4972222222227,269.6416666666667,2053.336111111111,2077.855555555556,1783.6944444444446,ALNINC2019,263,2347.4972222222227,2077.855555555556,2826.3750000000005,GR1,GR,1,P5
2019,107,103,129,NA,86,211,NA,274,240,44.794942,-71.146683,ALNINC_GR8A_P5,ALNINC,145,111,182.93888888888887,2503.252777777778,322.613888888889,2053.336111111111,2180.638888888889,1730.7222222222222,ALNINC2019,263,2347.4972222222227,2024.8833333333337,2826.3750000000005,GR8A,GR,8A,P5
2019,97,119.5,119,NA,NA,142,228,263,240,44.794942,-71.146683,ALNINC_GR8B_P5,ALNINC,144,121,128.325,2347.4972222222227,269.6416666666667,2053.336111111111,2077.855555555556,1783.6944444444446,ALNINC2019,263,2347.4972222222227,2077.855555555556,2826.3750000000005,GR8B,GR,8B,P5
2020,91,NA,148,NA,NA,NA,NA,282,293,44.794942,-71.146683,ALNINC_GR1_P5,ALNINC,134,145,150.44444444444449,2665.0277777777765,469.55555555555543,2752.5833333333317,2195.472222222221,2283.0277777777765,ALNINC2020,281,2659.222222222221,2189.666666666665,3024.833333333331,GR1,GR,1,P5
2020,108,NA,154,NA,NA,NA,297,282,229,44.794942,-71.146683,ALNINC_GR8A_P5,ALNINC,128,75,211.25,2665.0277777777765,544.4166666666665,1937.5555555555552,2120.61111111111,1393.1388888888887,ALNINC2020,281,2659.222222222221,2114.8055555555543,3024.833333333331,GR8A,GR,8A,P5
2020,98,NA,154,NA,NA,NA,NA,282,293,44.794942,-71.146683,ALNINC_GR8B_P5,ALNINC,128,139,173.6666666666667,2665.0277777777765,544.4166666666665,2752.5833333333317,2120.61111111111,2208.166666666665,ALNINC2020,281,2659.222222222221,2114.8055555555543,3024.833333333331,GR8B,GR,8B,P5
2018,114,128,128,89,NA,151,187,297,NA,42.531705,-72.18992,ALNINC_HF1_P1,ALNINC,169,NA,202.07222222222225,2824.0361111111097,351.5,NA,2472.5361111111097,NA,ALNINC2018,270,2611.2166666666662,2259.7166666666662,2950.9972222222204,HF1,HF,1,P1
2018,114,NA,124,NA,NA,NA,187,297,NA,42.531705,-72.18992,ALNINC_HF2_P1,ALNINC,173,NA,202.07222222222225,2824.0361111111097,310.475,NA,2513.5611111111098,NA,ALNINC2018,270,2611.2166666666662,2300.7416666666663,2950.9972222222204,HF2,HF,2,P1
2019,107,122.5,119,NA,86,147,NA,249,249,42.531705,-72.18992,ALNINC_HF1_P1,ALNINC,130,130,182.93888888888887,2186.3972222222224,269.6416666666667,2186.3972222222224,1916.7555555555557,1916.7555555555557,ALNINC2019,263,2347.4972222222227,2077.855555555556,2826.3750000000005,HF1,HF,1,P1
2019,107,125.33333333333333,136,NA,NA,147,NA,249,263,42.531705,-72.18992,ALNINC_HF2_P1,ALNINC,113,127,182.93888888888887,2186.3972222222224,365.1194444444446,2347.4972222222227,1821.2777777777778,1982.3777777777782,ALNINC2019,263,2347.4972222222227,1982.3777777777782,2826.3750000000005,HF2,HF,2,P1
2020,108,NA,133,NA,NA,NA,NA,282,293,42.531705,-72.18992,ALNINC_HF1_P1,ALNINC,149,160,211.25,2665.0277777777765,327.1666666666665,2752.5833333333317,2337.86111111111,2425.416666666665,ALNINC2020,281,2659.222222222221,2332.0555555555543,3024.833333333331,HF1,HF,1,P1
2020,108,NA,143,NA,NA,NA,275,282,275,42.531705,-72.18992,ALNINC_HF2_P1,ALNINC,139,132,211.25,2665.0277777777765,415.6666666666665,2606.083333333332,2249.36111111111,2190.4166666666656,ALNINC2020,281,2659.222222222221,2243.5555555555543,3024.833333333331,HF2,HF,2,P1
2018,110,82,124,58,NA,151,184,274,NA,42.531705,-72.18992,ALNINC_HF8_P12,ALNINC,150,NA,177.94722222222225,2649.3861111111105,310.475,NA,2338.9111111111106,NA,ALNINC2018,270,2611.2166666666662,2300.7416666666663,2950.9972222222204,HF8,HF,8,P12
2019,103,127,127,NA,NA,147,221,263,249,42.531705,-72.18992,ALNINC_HF8_P12,ALNINC,136,122,152.6111111111111,2347.4972222222227,309.5583333333334,2186.3972222222224,2037.9388888888893,1876.838888888889,ALNINC2019,263,2347.4972222222227,2037.9388888888893,2826.3750000000005,HF8,HF,8,P12
2020,NA,NA,157,NA,NA,NA,NA,282,293,42.531705,-72.18992,ALNINC_HF8_P12,ALNINC,125,136,NA,2665.0277777777765,594.9999999999999,2752.5833333333317,2070.0277777777765,2157.5833333333317,ALNINC2020,281,2659.222222222221,2064.222222222221,3024.833333333331,HF8,HF,8,P12
2018,110,82,121,58,NA,151,180,246,NA,42.531705,-72.18992,ALNINC_HF9_P15,ALNINC,125,NA,177.94722222222225,2267.5999999999995,253.175,NA,2014.4249999999995,NA,ALNINC2018,270,2611.2166666666662,2358.041666666666,2950.9972222222204,HF9,HF,9,P15
2019,97,133.33333333333334,119,NA,NA,142,211,253,245,42.531705,-72.18992,ALNINC_HF9_P15,ALNINC,134,126,128.325,2237.027777777778,269.6416666666667,2130.6666666666665,1967.3861111111112,1861.0249999999999,ALNINC2019,263,2347.4972222222227,2077.855555555556,2826.3750000000005,HF9,HF,9,P15
2020,NA,NA,154,NA,NA,NA,NA,282,275,42.531705,-72.18992,ALNINC_HF9_P15,ALNINC,128,121,NA,2665.0277777777765,544.4166666666665,2606.083333333332,2120.61111111111,2061.6666666666656,ALNINC2020,281,2659.222222222221,2114.8055555555543,3024.833333333331,HF9,HF,9,P15
2018,NA,NA,142,NA,NA,NA,NA,263,NA,42.531705,-72.18992,ALNINC_HF1_P16,ALNINC,121,NA,NA,2530.8499999999995,488.41388888888883,NA,2042.4361111111107,NA,ALNINC2018,270,2611.2166666666662,2122.8027777777775,2950.9972222222204,HF1,HF,1,P16
2019,107,100,119,86,NA,168,228,249,232,42.531705,-72.18992,ALNINC_HF1_P16,ALNINC,130,113,182.93888888888887,2186.3972222222224,269.6416666666667,1932.7444444444443,1916.7555555555557,1663.1027777777776,ALNINC2019,263,2347.4972222222227,2077.855555555556,2826.3750000000005,HF1,HF,1,P16
2020,NA,NA,135,NA,NA,NA,268,282,275,42.531705,-72.18992,ALNINC_HF1_P16,ALNINC,147,140,NA,2665.0277777777765,340.72222222222206,2606.083333333332,2324.3055555555543,2265.36111111111,ALNINC2020,281,2659.222222222221,2318.4999999999986,3024.833333333331,HF1,HF,1,P16
2018,110,82,128,58,NA,149,180,288,297,42.531705,-72.18992,ALNINC_HF9_P2,ALNINC,160,169,177.94722222222225,2786.038888888888,351.5,2824.0361111111097,2434.538888888888,2472.5361111111097,ALNINC2018,270,2611.2166666666662,2259.7166666666662,2950.9972222222204,HF9,HF,9,P2
2019,100,124.5,132,NA,86,147,228,253,240,42.531705,-72.18992,ALNINC_HF9_P2,ALNINC,121,108,132.5222222222222,2237.027777777778,346.06111111111125,2053.336111111111,1890.9666666666667,1707.275,ALNINC2019,263,2347.4972222222227,2001.4361111111116,2826.3750000000005,HF9,HF,9,P2
2020,100,NA,154,NA,NA,NA,275,282,293,42.531705,-72.18992,ALNINC_HF9_P2,ALNINC,128,139,179.0555555555556,2665.0277777777765,544.4166666666665,2752.5833333333317,2120.61111111111,2208.166666666665,ALNINC2020,281,2659.222222222221,2114.8055555555543,3024.833333333331,HF9,HF,9,P2
2018,110,82,128,58,121,151,NA,239,NA,42.531705,-72.18992,ALNINC_HF5_P6,ALNINC,111,NA,177.94722222222225,2132.0749999999994,351.5,NA,1780.5749999999994,NA,ALNINC2018,270,2611.2166666666662,2259.7166666666662,2950.9972222222204,HF5,HF,5,P6
2018,114,NA,124,NA,NA,NA,NA,263,NA,42.531705,-72.18992,ALNINC_HF9_P6,ALNINC,139,NA,202.07222222222225,2530.8499999999995,310.475,NA,2220.3749999999995,NA,ALNINC2018,270,2611.2166666666662,2300.7416666666663,2950.9972222222204,HF9,HF,9,P6
2019,103,124.5,129,NA,NA,147,211,263,240,42.531705,-72.18992,ALNINC_HF5_P6,ALNINC,134,111,152.6111111111111,2347.4972222222227,322.613888888889,2053.336111111111,2024.8833333333337,1730.7222222222222,ALNINC2019,263,2347.4972222222227,2024.8833333333337,2826.3750000000005,HF5,HF,5,P6
2019,100,121,123,NA,86,147,232,253,240,42.531705,-72.18992,ALNINC_HF9_P6,ALNINC,130,117,132.5222222222222,2237.027777777778,284.33333333333337,2053.336111111111,1952.6944444444443,1769.0027777777777,ALNINC2019,263,2347.4972222222227,2063.1638888888892,2826.3750000000005,HF9,HF,9,P6
2020,100,NA,154,NA,NA,NA,293,282,275,42.531705,-72.18992,ALNINC_HF5_P6,ALNINC,128,121,179.0555555555556,2665.0277777777765,544.4166666666665,2606.083333333332,2120.61111111111,2061.6666666666656,ALNINC2020,281,2659.222222222221,2114.8055555555543,3024.833333333331,HF5,HF,5,P6
2020,98,NA,157,NA,NA,NA,293,282,293,42.531705,-72.18992,ALNINC_HF9_P6,ALNINC,125,136,173.6666666666667,2665.0277777777765,594.9999999999999,2752.5833333333317,2070.0277777777765,2157.5833333333317,ALNINC2020,281,2659.222222222221,2064.222222222221,3024.833333333331,HF9,HF,9,P6
2018,110,96,128,58,89,156,180,268,NA,42.531705,-72.18992,ALNINC_HF9_P9,ALNINC,140,NA,177.94722222222225,2579.969444444444,351.5,NA,2228.469444444444,NA,ALNINC2018,270,2611.2166666666662,2259.7166666666662,2950.9972222222204,HF9,HF,9,P9
2019,100,125,123,NA,NA,147,218,253,232,42.531705,-72.18992,ALNINC_HF9_P9,ALNINC,130,109,132.5222222222222,2237.027777777778,284.33333333333337,1932.7444444444443,1952.6944444444443,1648.411111111111,ALNINC2019,263,2347.4972222222227,2063.1638888888892,2826.3750000000005,HF9,HF,9,P9
2020,NA,NA,164,NA,NA,NA,280.5,282,275,42.531705,-72.18992,ALNINC_HF9_P9,ALNINC,118,111,NA,2665.0277777777765,697.1944444444443,2606.083333333332,1967.8333333333321,1908.8888888888878,ALNINC2020,281,2659.222222222221,1962.0277777777765,3024.833333333331,HF9,HF,9,P9
2018,103,NA,124,NA,NA,NA,NA,277,NA,45.932675,-74.02507,ALNINC_SH1_P1,ALNINC,153,NA,161.7027777777778,2680.6749999999993,310.475,NA,2370.1999999999994,NA,ALNINC2018,270,2611.2166666666662,2300.7416666666663,2950.9972222222204,SH1,SH,1,P1
2019,93,NA,119,NA,NA,NA,NA,274,267,45.932675,-74.02507,ALNINC_SH1_P1,ALNINC,155,148,109.77222222222221,2503.252777777778,269.6416666666667,2416.3222222222225,2233.6111111111113,2146.6805555555557,ALNINC2019,263,2347.4972222222227,2077.855555555556,2826.3750000000005,SH1,SH,1,P1
2020,85,NA,154,NA,NA,NA,NA,NA,248,45.932675,-74.02507,ALNINC_SH1_P1,ALNINC,NA,94,138.13888888888894,NA,544.4166666666665,2254.9722222222217,NA,1710.5555555555552,ALNINC2020,281,2659.222222222221,2114.8055555555543,3024.833333333331,SH1,SH,1,P1
2018,110,82,124,NA,58,151,180,263,NA,45.932675,-74.02507,ALNINC_SH1_P12,ALNINC,139,NA,177.94722222222225,2530.8499999999995,310.475,NA,2220.3749999999995,NA,ALNINC2018,270,2611.2166666666662,2300.7416666666663,2950.9972222222204,SH1,SH,1,P12
2019,103,121,123,74,NA,142,211,263,245,45.932675,-74.02507,ALNINC_SH1_P12,ALNINC,140,122,152.6111111111111,2347.4972222222227,284.33333333333337,2130.6666666666665,2063.1638888888892,1846.333333333333,ALNINC2019,263,2347.4972222222227,2063.1638888888892,2826.3750000000005,SH1,SH,1,P12
2020,NA,NA,143,NA,NA,NA,284,275,293,45.932675,-74.02507,ALNINC_SH1_P12,ALNINC,132,150,NA,2606.083333333332,415.6666666666665,2752.5833333333317,2190.4166666666656,2336.916666666665,ALNINC2020,281,2659.222222222221,2243.5555555555543,3024.833333333331,SH1,SH,1,P12
2018,110,NA,124,NA,NA,NA,NA,274,297,45.932675,-74.02507,ALNINC_SH4_P15,ALNINC,150,173,177.94722222222225,2649.3861111111105,310.475,2824.0361111111097,2338.9111111111106,2513.5611111111098,ALNINC2018,270,2611.2166666666662,2300.7416666666663,2950.9972222222204,SH4,SH,4,P15
2019,97,100,115,NA,86,150,211,253,240,45.932675,-74.02507,ALNINC_SH4_P15,ALNINC,138,125,128.325,2237.027777777778,253.60277777777776,2053.336111111111,1983.4250000000002,1799.7333333333336,ALNINC2019,263,2347.4972222222227,2093.894444444445,2826.3750000000005,SH4,SH,4,P15
2020,NA,NA,154,NA,NA,NA,NA,275,275,45.932675,-74.02507,ALNINC_SH4_P15,ALNINC,121,121,NA,2606.083333333332,544.4166666666665,2606.083333333332,2061.6666666666656,2061.6666666666656,ALNINC2020,281,2659.222222222221,2114.8055555555543,3024.833333333331,SH4,SH,4,P15
2018,NA,NA,142,NA,NA,NA,NA,274,297,45.932675,-74.02507,ALNINC_SH3_P16,ALNINC,132,155,NA,2649.3861111111105,488.41388888888883,2824.0361111111097,2160.9722222222217,2335.622222222221,ALNINC2018,270,2611.2166666666662,2122.8027777777775,2950.9972222222204,SH3,SH,3,P16
2019,97,128.5,119,NA,86,161,228,263,240,45.932675,-74.02507,ALNINC_SH3_P16,ALNINC,144,121,128.325,2347.4972222222227,269.6416666666667,2053.336111111111,2077.855555555556,1783.6944444444446,ALNINC2019,263,2347.4972222222227,2077.855555555556,2826.3750000000005,SH3,SH,3,P16
2020,NA,NA,157,NA,NA,NA,275,282,293,45.932675,-74.02507,ALNINC_SH3_P16,ALNINC,125,136,NA,2665.0277777777765,594.9999999999999,2752.5833333333317,2070.0277777777765,2157.5833333333317,ALNINC2020,281,2659.222222222221,2064.222222222221,3024.833333333331,SH3,SH,3,P16
2018,107,82,124,NA,58,149,180,260,297,45.932675,-74.02507,ALNINC_SH4_P2,ALNINC,136,173,171.1777777777778,2490.516666666666,310.475,2824.0361111111097,2180.041666666666,2513.5611111111098,ALNINC2018,270,2611.2166666666662,2300.7416666666663,2950.9972222222204,SH4,SH,4,P2
2018,114,NA,124,116,NA,NA,NA,253,NA,45.932675,-74.02507,ALNINC_SH5_P2,ALNINC,129,NA,202.07222222222225,2380.266666666666,310.475,NA,2069.791666666666,NA,ALNINC2018,270,2611.2166666666662,2300.7416666666663,2950.9972222222204,SH5,SH,5,P2
2019,NA,123.5,123,74,NA,147,186,NA,240,45.932675,-74.02507,ALNINC_SH4_P2,ALNINC,NA,117,NA,NA,284.33333333333337,2053.336111111111,NA,1769.0027777777777,ALNINC2019,263,2347.4972222222227,2063.1638888888892,2826.3750000000005,SH4,SH,4,P2
2019,97,123.5,129,NA,NA,147,218,260,245,45.932675,-74.02507,ALNINC_SH5_P2,ALNINC,131,116,128.325,2321.8250000000007,322.613888888889,2130.6666666666665,1999.2111111111117,1808.0527777777775,ALNINC2019,263,2347.4972222222227,2024.8833333333337,2826.3750000000005,SH5,SH,5,P2
2020,98,NA,157,NA,NA,NA,275,282,293,45.932675,-74.02507,ALNINC_SH4_P2,ALNINC,125,136,173.6666666666667,2665.0277777777765,594.9999999999999,2752.5833333333317,2070.0277777777765,2157.5833333333317,ALNINC2020,281,2659.222222222221,2064.222222222221,3024.833333333331,SH4,SH,4,P2
2020,91,NA,NA,NA,NA,NA,NA,282,293,45.932675,-74.02507,ALNINC_SH5_P2,ALNINC,NA,NA,150.44444444444449,2665.0277777777765,NA,2752.5833333333317,NA,NA,ALNINC2020,281,2659.222222222221,NA,3024.833333333331,SH5,SH,5,P2
2018,114,89,124,NA,NA,151,180,274,288,45.932675,-74.02507,ALNINC_SH5_P3,ALNINC,150,164,202.07222222222225,2649.3861111111105,310.475,2786.038888888888,2338.9111111111106,2475.563888888888,ALNINC2018,270,2611.2166666666662,2300.7416666666663,2950.9972222222204,SH5,SH,5,P3
2019,103,122,123,NA,NA,147,225,274,240,45.932675,-74.02507,ALNINC_SH5_P3,ALNINC,151,117,152.6111111111111,2503.252777777778,284.33333333333337,2053.336111111111,2218.9194444444447,1769.0027777777777,ALNINC2019,263,2347.4972222222227,2063.1638888888892,2826.3750000000005,SH5,SH,5,P3
2020,98,NA,139,NA,NA,NA,275,282,293,45.932675,-74.02507,ALNINC_SH5_P3,ALNINC,143,154,173.6666666666667,2665.0277777777765,380.05555555555543,2752.5833333333317,2284.972222222221,2372.5277777777765,ALNINC2020,281,2659.222222222221,2279.166666666665,3024.833333333331,SH5,SH,5,P3
2018,107,82,124,NA,58,NA,166,288,NA,45.932675,-74.02507,ALNINC_SH6_P5,ALNINC,164,NA,171.1777777777778,2786.038888888888,310.475,NA,2475.563888888888,NA,ALNINC2018,270,2611.2166666666662,2300.7416666666663,2950.9972222222204,SH6,SH,6,P5
2019,97,121,112,74,NA,142,193,274,240,45.932675,-74.02507,ALNINC_SH6_P5,ALNINC,162,128,128.325,2503.252777777778,235.5222222222222,2053.336111111111,2267.730555555556,1817.813888888889,ALNINC2019,263,2347.4972222222227,2111.9750000000004,2826.3750000000005,SH6,SH,6,P5
2020,85,NA,148,NA,NA,NA,NA,282,293,45.932675,-74.02507,ALNINC_SH6_P5,ALNINC,134,145,138.13888888888894,2665.0277777777765,469.55555555555543,2752.5833333333317,2195.472222222221,2283.0277777777765,ALNINC2020,281,2659.222222222221,2189.666666666665,3024.833333333331,SH6,SH,6,P5
2018,103,NA,124,NA,NA,NA,NA,263,274,45.932675,-74.02507,ALNINC_SH8_P9,ALNINC,139,150,161.7027777777778,2530.8499999999995,310.475,2649.3861111111105,2220.3749999999995,2338.9111111111106,ALNINC2018,270,2611.2166666666662,2300.7416666666663,2950.9972222222204,SH8,SH,8,P9
2019,103,123.5,129,86,NA,147,190,274,240,45.932675,-74.02507,ALNINC_SH8_P9,ALNINC,145,111,152.6111111111111,2503.252777777778,322.613888888889,2053.336111111111,2180.638888888889,1730.7222222222222,ALNINC2019,263,2347.4972222222227,2024.8833333333337,2826.3750000000005,SH8,SH,8,P9
2020,NA,NA,NA,NA,NA,NA,NA,282,293,45.932675,-74.02507,ALNINC_SH8_P9,ALNINC,NA,NA,NA,2665.0277777777765,NA,2752.5833333333317,NA,NA,ALNINC2020,281,2659.222222222221,NA,3024.833333333331,SH8,SH,8,P9
2018,114,NA,124,NA,NA,NA,NA,274,297,44.112337,-71.230138,ALNINC_WM1_P1,ALNINC,150,173,202.07222222222225,2649.3861111111105,310.475,2824.0361111111097,2338.9111111111106,2513.5611111111098,ALNINC2018,270,2611.2166666666662,2300.7416666666663,2950.9972222222204,WM1,WM,1,P1
2018,107,NA,124,NA,NA,NA,NA,270,297,44.112337,-71.230138,ALNINC_WM2A_P1,ALNINC,146,173,171.1777777777778,2611.2166666666662,310.475,2824.0361111111097,2300.7416666666663,2513.5611111111098,ALNINC2018,270,2611.2166666666662,2300.7416666666663,2950.9972222222204,WM2A,WM,2A,P1
2018,103,82,124,58,64,NA,187,288,NA,44.112337,-71.230138,ALNINC_WM2B_P1,ALNINC,164,NA,161.7027777777778,2786.038888888888,310.475,NA,2475.563888888888,NA,ALNINC2018,270,2611.2166666666662,2300.7416666666663,2950.9972222222204,WM2B,WM,2B,P1
2018,114,NA,124,NA,NA,NA,NA,281,NA,44.112337,-71.230138,ALNINC_WM5_P1,ALNINC,157,NA,202.07222222222225,2718.491666666666,310.475,NA,2408.016666666666,NA,ALNINC2018,270,2611.2166666666662,2300.7416666666663,2950.9972222222204,WM5,WM,5,P1
2019,100,147,123,NA,NA,147,NA,249,245,44.112337,-71.230138,ALNINC_WM1_P1,ALNINC,126,122,132.5222222222222,2186.3972222222224,284.33333333333337,2130.6666666666665,1902.0638888888889,1846.333333333333,ALNINC2019,263,2347.4972222222227,2063.1638888888892,2826.3750000000005,WM1,WM,1,P1
2019,NA,100,112,74,NA,221,NA,253,245,44.112337,-71.230138,ALNINC_WM2A_P1,ALNINC,141,133,NA,2237.027777777778,235.5222222222222,2130.6666666666665,2001.5055555555557,1895.1444444444444,ALNINC2019,263,2347.4972222222227,2111.9750000000004,2826.3750000000005,WM2A,WM,2A,P1
2019,103,123.5,119,74,NA,140,218,263,232,44.112337,-71.230138,ALNINC_WM2B_P1,ALNINC,144,113,152.6111111111111,2347.4972222222227,269.6416666666667,1932.7444444444443,2077.855555555556,1663.1027777777776,ALNINC2019,263,2347.4972222222227,2077.855555555556,2826.3750000000005,WM2B,WM,2B,P1
2019,97,100,112,NA,86,155,NA,274,245,44.112337,-71.230138,ALNINC_WM5_P1,ALNINC,162,133,128.325,2503.252777777778,235.5222222222222,2130.6666666666665,2267.730555555556,1895.1444444444444,ALNINC2019,263,2347.4972222222227,2111.9750000000004,2826.3750000000005,WM5,WM,5,P1
2020,108,NA,143,NA,NA,NA,NA,282,293,44.112337,-71.230138,ALNINC_WM1_P1,ALNINC,139,150,211.25,2665.0277777777765,415.6666666666665,2752.5833333333317,2249.36111111111,2336.916666666665,ALNINC2020,281,2659.222222222221,2243.5555555555543,3024.833333333331,WM1,WM,1,P1
2020,98,NA,154,NA,NA,NA,291.5,NA,241,44.112337,-71.230138,ALNINC_WM2A_P1,ALNINC,NA,87,173.6666666666667,NA,544.4166666666665,2151.1388888888882,NA,1606.7222222222217,ALNINC2020,281,2659.222222222221,2114.8055555555543,3024.833333333331,WM2A,WM,2A,P1
2020,98,NA,148,NA,NA,NA,301,282,293,44.112337,-71.230138,ALNINC_WM2B_P1,ALNINC,134,145,173.6666666666667,2665.0277777777765,469.55555555555543,2752.5833333333317,2195.472222222221,2283.0277777777765,ALNINC2020,281,2659.222222222221,2189.666666666665,3024.833333333331,WM2B,WM,2B,P1
2020,85,NA,148,NA,NA,NA,NA,282,275,44.112337,-71.230138,ALNINC_WM5_P1,ALNINC,134,127,138.13888888888894,2665.0277777777765,469.55555555555543,2606.083333333332,2195.472222222221,2136.5277777777765,ALNINC2020,281,2659.222222222221,2189.666666666665,3024.833333333331,WM5,WM,5,P1
2018,NA,NA,142,NA,NA,NA,NA,288,288,44.112337,-71.230138,ALNINC_WM5A_P16,ALNINC,146,146,NA,2786.038888888888,488.41388888888883,2786.038888888888,2297.624999999999,2297.624999999999,ALNINC2018,270,2611.2166666666662,2122.8027777777775,2950.9972222222204,WM5A,WM,5A,P16
2018,NA,NA,142,NA,NA,NA,NA,263,304,44.112337,-71.230138,ALNINC_WM5B_P16,ALNINC,121,162,NA,2530.8499999999995,488.41388888888883,2843.824999999999,2042.4361111111107,2355.41111111111,ALNINC2018,270,2611.2166666666662,2122.8027777777775,2950.9972222222204,WM5B,WM,5B,P16
2019,NA,122,112,NA,NA,147,228,274,240,44.112337,-71.230138,ALNINC_WM5A_P16,ALNINC,162,128,NA,2503.252777777778,235.5222222222222,2053.336111111111,2267.730555555556,1817.813888888889,ALNINC2019,263,2347.4972222222227,2111.9750000000004,2826.3750000000005,WM5A,WM,5A,P16
2019,97,103,123,NA,NA,161,228,274,240,44.112337,-71.230138,ALNINC_WM5B_P16,ALNINC,151,117,128.325,2503.252777777778,284.33333333333337,2053.336111111111,2218.9194444444447,1769.0027777777777,ALNINC2019,263,2347.4972222222227,2063.1638888888892,2826.3750000000005,WM5B,WM,5B,P16
2020,NA,NA,148,NA,NA,NA,NA,282,293,44.112337,-71.230138,ALNINC_WM5A_P16,ALNINC,134,145,NA,2665.0277777777765,469.55555555555543,2752.5833333333317,2195.472222222221,2283.0277777777765,ALNINC2020,281,2659.222222222221,2189.666666666665,3024.833333333331,WM5A,WM,5A,P16
2020,NA,NA,143,NA,NA,NA,NA,282,241,44.112337,-71.230138,ALNINC_WM5B_P16,ALNINC,139,98,NA,2665.0277777777765,415.6666666666665,2151.1388888888882,2249.36111111111,1735.4722222222217,ALNINC2020,281,2659.222222222221,2243.5555555555543,3024.833333333331,WM5B,WM,5B,P16
2018,100,82,124,58,64,NA,NA,263,NA,44.112337,-71.230138,ALNINC_WM5A_P2,ALNINC,139,NA,145.08611111111114,2530.8499999999995,310.475,NA,2220.3749999999995,NA,ALNINC2018,270,2611.2166666666662,2300.7416666666663,2950.9972222222204,WM5A,WM,5A,P2
2018,114,NA,128,NA,NA,NA,NA,253,274,44.112337,-71.230138,ALNINC_WM5B_P2,ALNINC,125,146,202.07222222222225,2380.266666666666,351.5,2649.3861111111105,2028.766666666666,2297.8861111111105,ALNINC2018,270,2611.2166666666662,2259.7166666666662,2950.9972222222204,WM5B,WM,5B,P2
2019,100,107,123,NA,NA,NA,221,253,245,44.112337,-71.230138,ALNINC_WM5A_P2,ALNINC,130,122,132.5222222222222,2237.027777777778,284.33333333333337,2130.6666666666665,1952.6944444444443,1846.333333333333,ALNINC2019,263,2347.4972222222227,2063.1638888888892,2826.3750000000005,WM5A,WM,5A,P2
2019,103,123.5,119,NA,86,147,245,274,240,44.112337,-71.230138,ALNINC_WM5B_P2,ALNINC,155,121,152.6111111111111,2503.252777777778,269.6416666666667,2053.336111111111,2233.6111111111113,1783.6944444444446,ALNINC2019,263,2347.4972222222227,2077.855555555556,2826.3750000000005,WM5B,WM,5B,P2
2020,98,NA,143,NA,NA,NA,NA,282,293,44.112337,-71.230138,ALNINC_WM5A_P2,ALNINC,139,150,173.6666666666667,2665.0277777777765,415.6666666666665,2752.5833333333317,2249.36111111111,2336.916666666665,ALNINC2020,281,2659.222222222221,2243.5555555555543,3024.833333333331,WM5A,WM,5A,P2
2020,85,NA,NA,NA,NA,NA,275,282,293,44.112337,-71.230138,ALNINC_WM5B_P2,ALNINC,NA,NA,138.13888888888894,2665.0277777777765,NA,2752.5833333333317,NA,NA,ALNINC2020,281,2659.222222222221,NA,3024.833333333331,WM5B,WM,5B,P2
2018,114,NA,124,NA,NA,NA,NA,268,288,44.794942,-71.146683,BETALL_GR12_P1,BETALL,144,164,202.07222222222225,2579.969444444444,310.475,2786.038888888888,2269.494444444444,2475.563888888888,BETALL2018,253,2380.266666666666,2069.791666666666,2950.9972222222204,GR12,GR,12,P1
2018,114,NA,128,NA,NA,NA,NA,268,277,44.794942,-71.146683,BETALL_GR13_P1,BETALL,140,149,202.07222222222225,2579.969444444444,351.5,2680.6749999999993,2228.469444444444,2329.1749999999993,BETALL2018,253,2380.266666666666,2028.766666666666,2950.9972222222204,GR13,GR,13,P1
2019,107,165,115,NA,NA,NA,NA,260,240,44.794942,-71.146683,BETALL_GR12_P1,BETALL,145,125,182.93888888888887,2321.8250000000007,253.60277777777776,2053.336111111111,2068.222222222223,1799.7333333333336,BETALL2019,258,2300.2472222222227,2046.644444444445,2826.3750000000005,GR12,GR,12,P1
2019,107,NA,127,NA,NA,NA,NA,260,NA,44.794942,-71.146683,BETALL_GR13_P1,BETALL,133,NA,182.93888888888887,2321.8250000000007,309.5583333333334,NA,2012.2666666666673,NA,BETALL2019,258,2300.2472222222227,1990.6888888888893,2826.3750000000005,GR13,GR,13,P1
2020,98,NA,143,NA,NA,NA,NA,263,248,44.794942,-71.146683,BETALL_GR12_P1,BETALL,120,105,173.6666666666667,2452.9999999999986,415.6666666666665,2254.9722222222217,2037.3333333333321,1839.3055555555552,BETALL2020,264,2457.972222222221,2042.3055555555543,3024.833333333331,GR12,GR,12,P1
2020,98,NA,130,NA,NA,NA,NA,282,275,44.794942,-71.146683,BETALL_GR13_P1,BETALL,152,145,173.6666666666667,2665.0277777777765,310.30555555555543,2606.083333333332,2354.722222222221,2295.7777777777765,BETALL2020,264,2457.972222222221,2147.666666666665,3024.833333333331,GR13,GR,13,P1
2018,103,NA,131,NA,NA,NA,NA,253,NA,44.794942,-71.146683,BETALL_GR13_P15,BETALL,122,NA,161.7027777777778,2380.266666666666,383.17777777777775,NA,1997.0888888888883,NA,BETALL2018,253,2380.266666666666,1997.0888888888883,2950.9972222222204,GR13,GR,13,P15
2018,NA,NA,135,NA,NA,NA,NA,225,263,44.794942,-71.146683,BETALL_GR14_P15,BETALL,90,128,NA,1886.1222222222218,421.00833333333327,2530.8499999999995,1465.1138888888886,2109.8416666666662,BETALL2018,253,2380.266666666666,1959.2583333333328,2950.9972222222204,GR14,GR,14,P15
2019,107,NA,119,NA,NA,NA,NA,249,232,44.794942,-71.146683,BETALL_GR13_P15,BETALL,130,113,182.93888888888887,2186.3972222222224,269.6416666666667,1932.7444444444443,1916.7555555555557,1663.1027777777776,BETALL2019,258,2300.2472222222227,2030.605555555556,2826.3750000000005,GR13,GR,13,P15
2019,107,NA,119,NA,NA,NA,NA,249,232,44.794942,-71.146683,BETALL_GR14_P15,BETALL,130,113,182.93888888888887,2186.3972222222224,269.6416666666667,1932.7444444444443,1916.7555555555557,1663.1027777777776,BETALL2019,258,2300.2472222222227,2030.605555555556,2826.3750000000005,GR14,GR,14,P15
2020,NA,NA,135,NA,NA,NA,NA,263,268,44.794942,-71.146683,BETALL_GR13_P15,BETALL,128,133,NA,2452.9999999999986,340.72222222222206,2498.5277777777765,2112.2777777777765,2157.8055555555543,BETALL2020,264,2457.972222222221,2117.2499999999986,3024.833333333331,GR13,GR,13,P15
2020,NA,NA,143,NA,NA,NA,NA,263,275,44.794942,-71.146683,BETALL_GR14_P15,BETALL,120,132,NA,2452.9999999999986,415.6666666666665,2606.083333333332,2037.3333333333321,2190.4166666666656,BETALL2020,264,2457.972222222221,2042.3055555555543,3024.833333333331,GR14,GR,14,P15
2018,NA,NA,142,NA,NA,NA,NA,225,253,44.794942,-71.146683,BETALL_GR14_P16,BETALL,83,111,NA,1886.1222222222218,488.41388888888883,2380.266666666666,1397.708333333333,1891.8527777777772,BETALL2018,253,2380.266666666666,1891.8527777777772,2950.9972222222204,GR14,GR,14,P16
2019,97,NA,119,NA,NA,NA,NA,249,232,44.794942,-71.146683,BETALL_GR14_P16,BETALL,130,113,128.325,2186.3972222222224,269.6416666666667,1932.7444444444443,1916.7555555555557,1663.1027777777776,BETALL2019,258,2300.2472222222227,2030.605555555556,2826.3750000000005,GR14,GR,14,P16
2020,NA,NA,135,NA,NA,NA,NA,248,293,44.794942,-71.146683,BETALL_GR14_P16,BETALL,113,158,NA,2254.9722222222217,340.72222222222206,2752.5833333333317,1914.2499999999995,2411.8611111111095,BETALL2020,264,2457.972222222221,2117.2499999999986,3024.833333333331,GR14,GR,14,P16
2018,114,NA,128,NA,NA,NA,NA,263,NA,44.794942,-71.146683,BETALL_GR13_P2,BETALL,135,NA,202.07222222222225,2530.8499999999995,351.5,NA,2179.3499999999995,NA,BETALL2018,253,2380.266666666666,2028.766666666666,2950.9972222222204,GR13,GR,13,P2
2019,107,NA,123,NA,NA,NA,NA,260,240,44.794942,-71.146683,BETALL_GR13_P2,BETALL,137,117,182.93888888888887,2321.8250000000007,284.33333333333337,2053.336111111111,2037.4916666666672,1769.0027777777777,BETALL2019,258,2300.2472222222227,2015.9138888888892,2826.3750000000005,GR13,GR,13,P2
2020,108,NA,143,NA,NA,NA,NA,255,268,44.794942,-71.146683,BETALL_GR13_P2,BETALL,112,125,211.25,2368.6944444444434,415.6666666666665,2498.5277777777765,1953.027777777777,2082.86111111111,BETALL2020,264,2457.972222222221,2042.3055555555543,3024.833333333331,GR13,GR,13,P2
2018,114,NA,128,NA,NA,NA,NA,253,263,44.794942,-71.146683,BETALL_GR1_P3,BETALL,125,135,202.07222222222225,2380.266666666666,351.5,2530.8499999999995,2028.766666666666,2179.3499999999995,BETALL2018,253,2380.266666666666,2028.766666666666,2950.9972222222204,GR1,GR,1,P3
2018,114,NA,124,NA,NA,NA,NA,281,297,44.794942,-71.146683,BETALL_GR12_P3,BETALL,157,173,202.07222222222225,2718.491666666666,310.475,2824.0361111111097,2408.016666666666,2513.5611111111098,BETALL2018,253,2380.266666666666,2069.791666666666,2950.9972222222204,GR12,GR,12,P3
2018,114,NA,128,NA,NA,NA,NA,263,297,44.794942,-71.146683,BETALL_GR9_P3,BETALL,135,169,202.07222222222225,2530.8499999999995,351.5,2824.0361111111097,2179.3499999999995,2472.5361111111097,BETALL2018,253,2380.266666666666,2028.766666666666,2950.9972222222204,GR9,GR,9,P3
2019,112,NA,135,NA,NA,NA,NA,260,240,44.794942,-71.146683,BETALL_GR1_P3,BETALL,125,105,235.5222222222222,2321.8250000000007,356.2944444444446,2053.336111111111,1965.530555555556,1697.0416666666665,BETALL2019,258,2300.2472222222227,1943.952777777778,2826.3750000000005,GR1,GR,1,P3
2019,NA,NA,123,NA,NA,NA,NA,260,240,44.794942,-71.146683,BETALL_GR12_P3,BETALL,137,117,NA,2321.8250000000007,284.33333333333337,2053.336111111111,2037.4916666666672,1769.0027777777777,BETALL2019,258,2300.2472222222227,2015.9138888888892,2826.3750000000005,GR12,GR,12,P3
2019,NA,NA,127,NA,NA,NA,NA,249,240,44.794942,-71.146683,BETALL_GR9_P3,BETALL,122,113,NA,2186.3972222222224,309.5583333333334,2053.336111111111,1876.838888888889,1743.7777777777778,BETALL2019,258,2300.2472222222227,1990.6888888888893,2826.3750000000005,GR9,GR,9,P3
2020,108,NA,135,NA,NA,NA,220,255,268,44.794942,-71.146683,BETALL_GR1_P3,BETALL,120,133,211.25,2368.6944444444434,340.72222222222206,2498.5277777777765,2027.9722222222213,2157.8055555555543,BETALL2020,264,2457.972222222221,2117.2499999999986,3024.833333333331,GR1,GR,1,P3
2020,100,NA,135,NA,NA,NA,NA,248,268,44.794942,-71.146683,BETALL_GR12_P3,BETALL,113,133,179.0555555555556,2254.9722222222217,340.72222222222206,2498.5277777777765,1914.2499999999995,2157.8055555555543,BETALL2020,264,2457.972222222221,2117.2499999999986,3024.833333333331,GR12,GR,12,P3
2020,108,NA,143,NA,NA,NA,NA,248,275,44.794942,-71.146683,BETALL_GR9_P3,BETALL,105,132,211.25,2254.9722222222217,415.6666666666665,2606.083333333332,1839.3055555555552,2190.4166666666656,BETALL2020,264,2457.972222222221,2042.3055555555543,3024.833333333331,GR9,GR,9,P3
2018,NA,NA,142,NA,NA,NA,NA,239,263,45.932675,-74.02507,BETALL_SH7_P16,BETALL,97,121,NA,2132.0749999999994,488.41388888888883,2530.8499999999995,1643.6611111111106,2042.4361111111107,BETALL2018,253,2380.266666666666,1891.8527777777772,2950.9972222222204,SH7,SH,7,P16
2019,112,NA,119,NA,NA,NA,NA,260,232,45.932675,-74.02507,BETALL_SH7_P16,BETALL,141,113,235.5222222222222,2321.8250000000007,269.6416666666667,1932.7444444444443,2052.183333333334,1663.1027777777776,BETALL2019,258,2300.2472222222227,2030.605555555556,2826.3750000000005,SH7,SH,7,P16
2020,NA,NA,135,NA,NA,NA,NA,268,275,45.932675,-74.02507,BETALL_SH7_P16,BETALL,133,140,NA,2498.5277777777765,340.72222222222206,2606.083333333332,2157.8055555555543,2265.36111111111,BETALL2020,264,2457.972222222221,2117.2499999999986,3024.833333333331,SH7,SH,7,P16
2018,103,NA,131,NA,NA,NA,NA,263,268,45.932675,-74.02507,BETALL_SH4_P3,BETALL,132,137,161.7027777777778,2530.8499999999995,383.17777777777775,2579.969444444444,2147.6722222222215,2196.791666666666,BETALL2018,253,2380.266666666666,1997.0888888888883,2950.9972222222204,SH4,SH,4,P3
2019,107,NA,135,NA,NA,NA,NA,263,240,45.932675,-74.02507,BETALL_SH4_P3,BETALL,128,105,182.93888888888887,2347.4972222222227,356.2944444444446,2053.336111111111,1991.202777777778,1697.0416666666665,BETALL2019,258,2300.2472222222227,1943.952777777778,2826.3750000000005,SH4,SH,4,P3
2020,108,NA,135,NA,NA,NA,NA,248,275,45.932675,-74.02507,BETALL_SH4_P3,BETALL,113,140,211.25,2254.9722222222217,340.72222222222206,2606.083333333332,1914.2499999999995,2265.36111111111,BETALL2020,264,2457.972222222221,2117.2499999999986,3024.833333333331,SH4,SH,4,P3
2018,110,NA,124,NA,NA,NA,NA,263,NA,45.932675,-74.02507,BETALL_SH2_P6,BETALL,139,NA,177.94722222222225,2530.8499999999995,310.475,NA,2220.3749999999995,NA,BETALL2018,253,2380.266666666666,2069.791666666666,2950.9972222222204,SH2,SH,2,P6
2018,110,NA,131,NA,NA,NA,NA,263,274,45.932675,-74.02507,BETALL_SH5_P6,BETALL,132,143,177.94722222222225,2530.8499999999995,383.17777777777775,2649.3861111111105,2147.6722222222215,2266.2083333333326,BETALL2018,253,2380.266666666666,1997.0888888888883,2950.9972222222204,SH5,SH,5,P6
2018,114,NA,131,NA,NA,NA,NA,239,NA,45.932675,-74.02507,BETALL_SH9_P6,BETALL,108,NA,202.07222222222225,2132.0749999999994,383.17777777777775,NA,1748.8972222222217,NA,BETALL2018,253,2380.266666666666,1997.0888888888883,2950.9972222222204,SH9,SH,9,P6
2019,100,NA,115,NA,NA,NA,NA,249,240,45.932675,-74.02507,BETALL_SH2_P6,BETALL,134,125,132.5222222222222,2186.3972222222224,253.60277777777776,2053.336111111111,1932.7944444444447,1799.7333333333336,BETALL2019,258,2300.2472222222227,2046.644444444445,2826.3750000000005,SH2,SH,2,P6
2019,107,NA,119,NA,NA,NA,NA,263,240,45.932675,-74.02507,BETALL_SH5_P6,BETALL,144,121,182.93888888888887,2347.4972222222227,269.6416666666667,2053.336111111111,2077.855555555556,1783.6944444444446,BETALL2019,258,2300.2472222222227,2030.605555555556,2826.3750000000005,SH5,SH,5,P6
2019,112,NA,127,NA,NA,NA,NA,249,240,45.932675,-74.02507,BETALL_SH9_P6,BETALL,122,113,235.5222222222222,2186.3972222222224,309.5583333333334,2053.336111111111,1876.838888888889,1743.7777777777778,BETALL2019,258,2300.2472222222227,1990.6888888888893,2826.3750000000005,SH9,SH,9,P6
2020,98,NA,148,NA,NA,NA,NA,255,275,45.932675,-74.02507,BETALL_SH2_P6,BETALL,107,127,173.6666666666667,2368.6944444444434,469.55555555555543,2606.083333333332,1899.138888888888,2136.5277777777765,BETALL2020,264,2457.972222222221,1988.4166666666654,3024.833333333331,SH2,SH,2,P6
2020,108,NA,143,NA,NA,NA,NA,268,275,45.932675,-74.02507,BETALL_SH5_P6,BETALL,125,132,211.25,2498.5277777777765,415.6666666666665,2606.083333333332,2082.86111111111,2190.4166666666656,BETALL2020,264,2457.972222222221,2042.3055555555543,3024.833333333331,SH5,SH,5,P6
2020,108,NA,148,NA,NA,NA,NA,263,275,45.932675,-74.02507,BETALL_SH9_P6,BETALL,115,127,211.25,2452.9999999999986,469.55555555555543,2606.083333333332,1983.4444444444432,2136.5277777777765,BETALL2020,264,2457.972222222221,1988.4166666666654,3024.833333333331,SH9,SH,9,P6
2018,103,NA,124,NA,NA,NA,NA,239,274,45.932675,-74.02507,BETALL_SH4A_P9,BETALL,115,150,161.7027777777778,2132.0749999999994,310.475,2649.3861111111105,1821.5999999999995,2338.9111111111106,BETALL2018,253,2380.266666666666,2069.791666666666,2950.9972222222204,SH4A,SH,4A,P9
2018,107,NA,131,NA,NA,NA,NA,239,268,45.932675,-74.02507,BETALL_SH4B_P9,BETALL,108,137,171.1777777777778,2132.0749999999994,383.17777777777775,2579.969444444444,1748.8972222222217,2196.791666666666,BETALL2018,253,2380.266666666666,1997.0888888888883,2950.9972222222204,SH4B,SH,4B,P9
2018,NA,NA,135,NA,NA,NA,NA,232,268,45.932675,-74.02507,BETALL_SH5_P9,BETALL,97,133,NA,2015.1499999999996,421.00833333333327,2579.969444444444,1594.1416666666664,2158.9611111111108,BETALL2018,253,2380.266666666666,1959.2583333333328,2950.9972222222204,SH5,SH,5,P9
2018,110,NA,128,NA,NA,NA,NA,239,NA,45.932675,-74.02507,BETALL_SH9_P9,BETALL,111,NA,177.94722222222225,2132.0749999999994,351.5,NA,1780.5749999999994,NA,BETALL2018,253,2380.266666666666,2028.766666666666,2950.9972222222204,SH9,SH,9,P9
2019,107,NA,119,NA,NA,NA,NA,263,232,45.932675,-74.02507,BETALL_SH4A_P9,BETALL,144,113,182.93888888888887,2347.4972222222227,269.6416666666667,1932.7444444444443,2077.855555555556,1663.1027777777776,BETALL2019,258,2300.2472222222227,2030.605555555556,2826.3750000000005,SH4A,SH,4A,P9
2019,112,NA,137,NA,NA,NA,NA,249,240,45.932675,-74.02507,BETALL_SH4B_P9,BETALL,112,103,235.5222222222222,2186.3972222222224,373.42222222222233,2053.336111111111,1812.975,1679.9138888888888,BETALL2019,258,2300.2472222222227,1926.8250000000003,2826.3750000000005,SH4B,SH,4B,P9
2019,NA,NA,NA,NA,NA,NA,NA,274,232,45.932675,-74.02507,BETALL_SH5_P9,BETALL,NA,NA,NA,2503.252777777778,NA,1932.7444444444443,NA,NA,BETALL2019,258,2300.2472222222227,NA,2826.3750000000005,SH5,SH,5,P9
2019,112,NA,119,NA,NA,NA,NA,263,245,45.932675,-74.02507,BETALL_SH9_P9,BETALL,144,126,235.5222222222222,2347.4972222222227,269.6416666666667,2130.6666666666665,2077.855555555556,1861.0249999999999,BETALL2019,258,2300.2472222222227,2030.605555555556,2826.3750000000005,SH9,SH,9,P9
2020,NA,NA,143,NA,NA,NA,NA,282,293,45.932675,-74.02507,BETALL_SH4A_P9,BETALL,139,150,NA,2665.0277777777765,415.6666666666665,2752.5833333333317,2249.36111111111,2336.916666666665,BETALL2020,264,2457.972222222221,2042.3055555555543,3024.833333333331,SH4A,SH,4A,P9
2020,NA,NA,133,NA,NA,NA,NA,NA,NA,45.932675,-74.02507,BETALL_SH4B_P9,BETALL,NA,NA,NA,NA,327.1666666666665,NA,NA,NA,BETALL2020,264,2457.972222222221,2130.8055555555543,3024.833333333331,SH4B,SH,4B,P9
2020,NA,NA,143,NA,NA,NA,NA,268,293,45.932675,-74.02507,BETALL_SH5_P9,BETALL,125,150,NA,2498.5277777777765,415.6666666666665,2752.5833333333317,2082.86111111111,2336.916666666665,BETALL2020,264,2457.972222222221,2042.3055555555543,3024.833333333331,SH5,SH,5,P9
2020,NA,NA,154,NA,NA,NA,NA,268,275,45.932675,-74.02507,BETALL_SH9_P9,BETALL,114,121,NA,2498.5277777777765,544.4166666666665,2606.083333333332,1954.11111111111,2061.6666666666656,BETALL2020,264,2457.972222222221,1913.5555555555543,3024.833333333331,SH9,SH,9,P9
2018,114,NA,138,NA,NA,NA,NA,277,297,44.112337,-71.230138,BETALL_WM8_P1,BETALL,139,159,202.07222222222225,2680.6749999999993,447.8916666666666,2824.0361111111097,2232.783333333333,2376.1444444444433,BETALL2018,253,2380.266666666666,1932.3749999999993,2950.9972222222204,WM8,WM,8,P1
2019,112,NA,135,NA,NA,NA,NA,260,267,44.112337,-71.230138,BETALL_WM8_P1,BETALL,125,132,235.5222222222222,2321.8250000000007,356.2944444444446,2416.3222222222225,1965.530555555556,2060.027777777778,BETALL2019,258,2300.2472222222227,1943.952777777778,2826.3750000000005,WM8,WM,8,P1
2020,108,NA,143,NA,NA,NA,NA,268,275,44.112337,-71.230138,BETALL_WM8_P1,BETALL,125,132,211.25,2498.5277777777765,415.6666666666665,2606.083333333332,2082.86111111111,2190.4166666666656,BETALL2020,264,2457.972222222221,2042.3055555555543,3024.833333333331,WM8,WM,8,P1
2018,110,NA,142,NA,NA,NA,NA,268,288,44.112337,-71.230138,BETALL_WM8A_P12,BETALL,126,146,177.94722222222225,2579.969444444444,488.41388888888883,2786.038888888888,2091.555555555555,2297.624999999999,BETALL2018,253,2380.266666666666,1891.8527777777772,2950.9972222222204,WM8A,WM,8A,P12
2018,96,NA,138,NA,NA,NA,NA,268,NA,44.112337,-71.230138,BETALL_WM8B_P12,BETALL,130,NA,141.66111111111113,2579.969444444444,447.8916666666666,NA,2132.0777777777776,NA,BETALL2018,253,2380.266666666666,1932.3749999999993,2950.9972222222204,WM8B,WM,8B,P12
2019,107,NA,115,NA,NA,NA,NA,260,240,44.112337,-71.230138,BETALL_WM8A_P12,BETALL,145,125,182.93888888888887,2321.8250000000007,253.60277777777776,2053.336111111111,2068.222222222223,1799.7333333333336,BETALL2019,258,2300.2472222222227,2046.644444444445,2826.3750000000005,WM8A,WM,8A,P12
2019,103,NA,127,NA,NA,NA,NA,274,240,44.112337,-71.230138,BETALL_WM8B_P12,BETALL,147,113,152.6111111111111,2503.252777777778,309.5583333333334,2053.336111111111,2193.694444444445,1743.7777777777778,BETALL2019,258,2300.2472222222227,1990.6888888888893,2826.3750000000005,WM8B,WM,8B,P12
2020,NA,NA,135,NA,NA,NA,NA,248,268,44.112337,-71.230138,BETALL_WM8A_P12,BETALL,113,133,NA,2254.9722222222217,340.72222222222206,2498.5277777777765,1914.2499999999995,2157.8055555555543,BETALL2020,264,2457.972222222221,2117.2499999999986,3024.833333333331,WM8A,WM,8A,P12
2020,NA,NA,143,NA,NA,NA,NA,282,275,44.112337,-71.230138,BETALL_WM8B_P12,BETALL,139,132,NA,2665.0277777777765,415.6666666666665,2606.083333333332,2249.36111111111,2190.4166666666656,BETALL2020,264,2457.972222222221,2042.3055555555543,3024.833333333331,WM8B,WM,8B,P12
2018,NA,NA,142,NA,NA,NA,NA,NA,NA,44.112337,-71.230138,BETALL_WM9_P16,BETALL,NA,NA,NA,NA,488.41388888888883,NA,NA,NA,BETALL2018,253,2380.266666666666,1891.8527777777772,2950.9972222222204,WM9,WM,9,P16
2019,NA,NA,150,NA,206,NA,NA,NA,NA,44.112337,-71.230138,BETALL_WM9_P16,BETALL,NA,NA,NA,NA,519.538888888889,NA,NA,NA,BETALL2019,258,2300.2472222222227,1780.7083333333337,2826.3750000000005,WM9,WM,9,P16
2018,103,NA,131,NA,NA,NA,NA,256,281,44.112337,-71.230138,BETALL_WM8A_P5,BETALL,125,150,161.7027777777778,2424.691666666666,383.17777777777775,2718.491666666666,2041.5138888888885,2335.313888888888,BETALL2018,253,2380.266666666666,1997.0888888888883,2950.9972222222204,WM8A,WM,8A,P5
2018,110,NA,128,116,NA,NA,NA,268,288,44.112337,-71.230138,BETALL_WM8B_P5,BETALL,140,160,177.94722222222225,2579.969444444444,351.5,2786.038888888888,2228.469444444444,2434.538888888888,BETALL2018,253,2380.266666666666,2028.766666666666,2950.9972222222204,WM8B,WM,8B,P5
2018,114,NA,131,NA,NA,NA,NA,268,NA,44.112337,-71.230138,BETALL_WM9_P5,BETALL,137,NA,202.07222222222225,2579.969444444444,383.17777777777775,NA,2196.791666666666,NA,BETALL2018,253,2380.266666666666,1997.0888888888883,2950.9972222222204,WM9,WM,9,P5
2019,107,NA,123,NA,NA,NA,NA,249,240,44.112337,-71.230138,BETALL_WM8A_P5,BETALL,126,117,182.93888888888887,2186.3972222222224,284.33333333333337,2053.336111111111,1902.0638888888889,1769.0027777777777,BETALL2019,258,2300.2472222222227,2015.9138888888892,2826.3750000000005,WM8A,WM,8A,P5
2019,100,NA,127,NA,NA,NA,NA,260,232,44.112337,-71.230138,BETALL_WM8B_P5,BETALL,133,105,132.5222222222222,2321.8250000000007,309.5583333333334,1932.7444444444443,2012.2666666666673,1623.186111111111,BETALL2019,258,2300.2472222222227,1990.6888888888893,2826.3750000000005,WM8B,WM,8B,P5
2019,107,NA,127,NA,NA,NA,NA,260,240,44.112337,-71.230138,BETALL_WM9_P5,BETALL,133,113,182.93888888888887,2321.8250000000007,309.5583333333334,2053.336111111111,2012.2666666666673,1743.7777777777778,BETALL2019,258,2300.2472222222227,1990.6888888888893,2826.3750000000005,WM9,WM,9,P5
2020,108,NA,135,NA,NA,NA,NA,263,275,44.112337,-71.230138,BETALL_WM8A_P5,BETALL,128,140,211.25,2452.9999999999986,340.72222222222206,2606.083333333332,2112.2777777777765,2265.36111111111,BETALL2020,264,2457.972222222221,2117.2499999999986,3024.833333333331,WM8A,WM,8A,P5
2020,98,NA,143,NA,NA,NA,NA,282,229,44.112337,-71.230138,BETALL_WM8B_P5,BETALL,139,86,173.6666666666667,2665.0277777777765,415.6666666666665,1937.5555555555552,2249.36111111111,1521.8888888888887,BETALL2020,264,2457.972222222221,2042.3055555555543,3024.833333333331,WM8B,WM,8B,P5
2020,NA,NA,143,NA,NA,NA,NA,268,275,44.112337,-71.230138,BETALL_WM9_P5,BETALL,125,132,NA,2498.5277777777765,415.6666666666665,2606.083333333332,2082.86111111111,2190.4166666666656,BETALL2020,264,2457.972222222221,2042.3055555555543,3024.833333333331,WM9,WM,9,P5
2018,103,NA,131,NA,NA,NA,NA,239,268,44.112337,-71.230138,BETALL_WM8_P9,BETALL,108,137,161.7027777777778,2132.0749999999994,383.17777777777775,2579.969444444444,1748.8972222222217,2196.791666666666,BETALL2018,253,2380.266666666666,1997.0888888888883,2950.9972222222204,WM8,WM,8,P9
2018,114,NA,124,NA,NA,NA,NA,235,NA,44.112337,-71.230138,BETALL_WM9_P9,BETALL,111,NA,202.07222222222225,2061.5527777777775,310.475,NA,1751.0777777777776,NA,BETALL2018,253,2380.266666666666,2069.791666666666,2950.9972222222204,WM9,WM,9,P9
2019,107,NA,119,NA,NA,NA,NA,260,232,44.112337,-71.230138,BETALL_WM8_P9,BETALL,141,113,182.93888888888887,2321.8250000000007,269.6416666666667,1932.7444444444443,2052.183333333334,1663.1027777777776,BETALL2019,258,2300.2472222222227,2030.605555555556,2826.3750000000005,WM8,WM,8,P9
2020,NA,NA,NA,NA,NA,NA,NA,268,293,44.112337,-71.230138,BETALL_WM8_P9,BETALL,NA,NA,NA,2498.5277777777765,NA,2752.5833333333317,NA,NA,BETALL2020,264,2457.972222222221,NA,3024.833333333331,WM8,WM,8,P9
2020,NA,NA,135,NA,NA,NA,NA,282,293,44.112337,-71.230138,BETALL_WM9_P9,BETALL,147,158,NA,2665.0277777777765,340.72222222222206,2752.5833333333317,2324.3055555555543,2411.8611111111095,BETALL2020,264,2457.972222222221,2117.2499999999986,3024.833333333331,WM9,WM,9,P9
2018,103,NA,184,NA,NA,NA,NA,274,260,44.794942,-71.146683,BETPAP_GR5_P1,BETPAP,90,76,161.7027777777778,2649.3861111111105,1103.797222222222,2490.516666666666,1545.5888888888885,1386.719444444444,BETPAP2018,265,2555.094444444444,1451.297222222222,2950.9972222222204,GR5,GR,5,P1
2019,107,NA,127,NA,NA,NA,NA,274,232,44.794942,-71.146683,BETPAP_GR5_P1,BETPAP,147,105,182.93888888888887,2503.252777777778,309.5583333333334,1932.7444444444443,2193.694444444445,1623.186111111111,BETPAP2019,270,2455.1250000000005,2145.566666666667,2826.3750000000005,GR5,GR,5,P1
2020,119,NA,148,NA,NA,NA,NA,255,241,44.794942,-71.146683,BETPAP_GR5_P1,BETPAP,107,93,238.38888888888886,2368.6944444444434,469.55555555555543,2151.1388888888882,1899.138888888888,1681.5833333333328,BETPAP2020,277,2621.638888888888,2152.083333333332,3024.833333333331,GR5,GR,5,P1
2018,110,NA,124,NA,NA,NA,NA,263,NA,44.794942,-71.146683,BETPAP_GR8_P12,BETPAP,139,NA,177.94722222222225,2530.8499999999995,310.475,NA,2220.3749999999995,NA,BETPAP2018,265,2555.094444444444,2244.619444444444,2950.9972222222204,GR8,GR,8,P12
2019,107,NA,115,NA,NA,NA,NA,260,240,44.794942,-71.146683,BETPAP_GR8_P12,BETPAP,145,125,182.93888888888887,2321.8250000000007,253.60277777777776,2053.336111111111,2068.222222222223,1799.7333333333336,BETPAP2019,270,2455.1250000000005,2201.522222222223,2826.3750000000005,GR8,GR,8,P12
2020,NA,NA,143,NA,NA,NA,NA,255,268,44.794942,-71.146683,BETPAP_GR8_P12,BETPAP,112,125,NA,2368.6944444444434,415.6666666666665,2498.5277777777765,1953.027777777777,2082.86111111111,BETPAP2020,277,2621.638888888888,2205.9722222222213,3024.833333333331,GR8,GR,8,P12
2018,100,NA,124,NA,NA,NA,NA,263,NA,44.794942,-71.146683,BETPAP_GR5A_P2,BETPAP,139,NA,145.08611111111114,2530.8499999999995,310.475,NA,2220.3749999999995,NA,BETPAP2018,265,2555.094444444444,2244.619444444444,2950.9972222222204,GR5A,GR,5A,P2
2018,103,NA,138,NA,NA,NA,NA,NA,268,44.794942,-71.146683,BETPAP_GR5B_P2,BETPAP,NA,130,161.7027777777778,NA,447.8916666666666,2579.969444444444,NA,2132.0777777777776,BETPAP2018,265,2555.094444444444,2107.2027777777776,2950.9972222222204,GR5B,GR,5B,P2
2019,112,NA,127,NA,NA,NA,NA,263,245,44.794942,-71.146683,BETPAP_GR5A_P2,BETPAP,136,118,235.5222222222222,2347.4972222222227,309.5583333333334,2130.6666666666665,2037.9388888888893,1821.1083333333331,BETPAP2019,270,2455.1250000000005,2145.566666666667,2826.3750000000005,GR5A,GR,5A,P2
2019,100,NA,155,NA,NA,NA,NA,NA,240,44.794942,-71.146683,BETPAP_GR5B_P2,BETPAP,NA,85,132.5222222222222,NA,575.2833333333335,2053.336111111111,NA,1478.0527777777777,BETPAP2019,270,2455.1250000000005,1879.841666666667,2826.3750000000005,GR5B,GR,5B,P2
2020,111,NA,135,NA,NA,NA,NA,263,293,44.794942,-71.146683,BETPAP_GR5A_P2,BETPAP,128,158,219.63888888888889,2452.9999999999986,340.72222222222206,2752.5833333333317,2112.2777777777765,2411.8611111111095,BETPAP2020,277,2621.638888888888,2280.9166666666656,3024.833333333331,GR5A,GR,5A,P2
2018,103,NA,124,NA,NA,NA,NA,268,274,44.794942,-71.146683,BETPAP_GR8_P3,BETPAP,144,150,161.7027777777778,2579.969444444444,310.475,2649.3861111111105,2269.494444444444,2338.9111111111106,BETPAP2018,265,2555.094444444444,2244.619444444444,2950.9972222222204,GR8,GR,8,P3
2019,112,NA,123,NA,NA,NA,NA,274,232,44.794942,-71.146683,BETPAP_GR8_P3,BETPAP,151,109,235.5222222222222,2503.252777777778,284.33333333333337,1932.7444444444443,2218.9194444444447,1648.411111111111,BETPAP2019,270,2455.1250000000005,2170.791666666667,2826.3750000000005,GR8,GR,8,P3
2020,111,NA,157,NA,NA,NA,NA,NA,282,44.794942,-71.146683,BETPAP_GR8_P3,BETPAP,NA,125,219.63888888888889,NA,594.9999999999999,2665.0277777777765,NA,2070.0277777777765,BETPAP2020,277,2621.638888888888,2026.6388888888878,3024.833333333331,GR8,GR,8,P3
2018,96,NA,135,NA,NA,NA,NA,253,274,44.794942,-71.146683,BETPAP_GR8_P5,BETPAP,118,139,141.66111111111113,2380.266666666666,421.00833333333327,2649.3861111111105,1959.2583333333328,2228.3777777777773,BETPAP2018,265,2555.094444444444,2134.0861111111108,2950.9972222222204,GR8,GR,8,P5
2019,NA,NA,119,NA,NA,NA,NA,274,232,44.794942,-71.146683,BETPAP_GR8_P5,BETPAP,155,113,NA,2503.252777777778,269.6416666666667,1932.7444444444443,2233.6111111111113,1663.1027777777776,BETPAP2019,270,2455.1250000000005,2185.4833333333336,2826.3750000000005,GR8,GR,8,P5
2020,108,NA,148,NA,NA,NA,NA,282,293,44.794942,-71.146683,BETPAP_GR8_P5,BETPAP,134,145,211.25,2665.0277777777765,469.55555555555543,2752.5833333333317,2195.472222222221,2283.0277777777765,BETPAP2020,277,2621.638888888888,2152.083333333332,3024.833333333331,GR8,GR,8,P5
2018,110,NA,131,NA,NA,NA,NA,246,268,44.794942,-71.146683,BETPAP_GR8_P6,BETPAP,115,137,177.94722222222225,2267.5999999999995,383.17777777777775,2579.969444444444,1884.4222222222218,2196.791666666666,BETPAP2018,265,2555.094444444444,2171.916666666666,2950.9972222222204,GR8,GR,8,P6
2019,NA,NA,135,NA,NA,NA,NA,263,232,44.794942,-71.146683,BETPAP_GR8_P6,BETPAP,128,97,NA,2347.4972222222227,356.2944444444446,1932.7444444444443,1991.202777777778,1576.4499999999998,BETPAP2019,270,2455.1250000000005,2098.8305555555557,2826.3750000000005,GR8,GR,8,P6
2020,108,NA,130,NA,NA,NA,NA,268,275,44.794942,-71.146683,BETPAP_GR8_P6,BETPAP,138,145,211.25,2498.5277777777765,310.30555555555543,2606.083333333332,2188.222222222221,2295.7777777777765,BETPAP2020,277,2621.638888888888,2311.333333333332,3024.833333333331,GR8,GR,8,P6
2018,NA,NA,135,NA,NA,NA,NA,NA,NA,44.794942,-71.146683,BETPAP_GR9_P9,BETPAP,NA,NA,NA,NA,421.00833333333327,NA,NA,NA,BETPAP2018,265,2555.094444444444,2134.0861111111108,2950.9972222222204,GR9,GR,9,P9
2018,110,NA,124,NA,NA,NA,NA,274,274,42.531705,-72.18992,BETPAP_HF16_P12,BETPAP,150,150,177.94722222222225,2649.3861111111105,310.475,2649.3861111111105,2338.9111111111106,2338.9111111111106,BETPAP2018,265,2555.094444444444,2244.619444444444,2950.9972222222204,HF16,HF,16,P12
2019,103,NA,119,NA,NA,NA,NA,NA,232,42.531705,-72.18992,BETPAP_HF16_P12,BETPAP,NA,113,152.6111111111111,NA,269.6416666666667,1932.7444444444443,NA,1663.1027777777776,BETPAP2019,270,2455.1250000000005,2185.4833333333336,2826.3750000000005,HF16,HF,16,P12
2020,NA,NA,148,NA,NA,NA,NA,293,301,42.531705,-72.18992,BETPAP_HF16_P12,BETPAP,145,153,NA,2752.5833333333317,469.55555555555543,2817.638888888887,2283.0277777777765,2348.083333333331,BETPAP2020,277,2621.638888888888,2152.083333333332,3024.833333333331,HF16,HF,16,P12
2018,103,NA,124,NA,NA,NA,NA,263,NA,42.531705,-72.18992,BETPAP_HF16_P2,BETPAP,139,NA,161.7027777777778,2530.8499999999995,310.475,NA,2220.3749999999995,NA,BETPAP2018,265,2555.094444444444,2244.619444444444,2950.9972222222204,HF16,HF,16,P2
2019,107,NA,115,NA,NA,NA,NA,NA,240,42.531705,-72.18992,BETPAP_HF16_P2,BETPAP,NA,125,182.93888888888887,NA,253.60277777777776,2053.336111111111,NA,1799.7333333333336,BETPAP2019,270,2455.1250000000005,2201.522222222223,2826.3750000000005,HF16,HF,16,P2
2020,100,NA,130,NA,NA,NA,NA,282,293,42.531705,-72.18992,BETPAP_HF16_P2,BETPAP,152,163,179.0555555555556,2665.0277777777765,310.30555555555543,2752.5833333333317,2354.722222222221,2442.2777777777765,BETPAP2020,277,2621.638888888888,2311.333333333332,3024.833333333331,HF16,HF,16,P2
2018,110,NA,124,NA,NA,NA,NA,270,274,42.531705,-72.18992,BETPAP_HF16_P3,BETPAP,146,150,177.94722222222225,2611.2166666666662,310.475,2649.3861111111105,2300.7416666666663,2338.9111111111106,BETPAP2018,265,2555.094444444444,2244.619444444444,2950.9972222222204,HF16,HF,16,P3
2019,103,NA,119,NA,NA,NA,NA,274,232,42.531705,-72.18992,BETPAP_HF16_P3,BETPAP,155,113,152.6111111111111,2503.252777777778,269.6416666666667,1932.7444444444443,2233.6111111111113,1663.1027777777776,BETPAP2019,270,2455.1250000000005,2185.4833333333336,2826.3750000000005,HF16,HF,16,P3
2020,98,NA,136,NA,NA,NA,NA,282,293,42.531705,-72.18992,BETPAP_HF16_P3,BETPAP,146,157,173.6666666666667,2665.0277777777765,354.38888888888874,2752.5833333333317,2310.638888888888,2398.194444444443,BETPAP2020,277,2621.638888888888,2267.249999999999,3024.833333333331,HF16,HF,16,P3
2018,107,NA,124,NA,NA,NA,NA,268,NA,42.531705,-72.18992,BETPAP_HF16_P5,BETPAP,144,NA,171.1777777777778,2579.969444444444,310.475,NA,2269.494444444444,NA,BETPAP2018,265,2555.094444444444,2244.619444444444,2950.9972222222204,HF16,HF,16,P5
2019,103,NA,119,NA,NA,NA,NA,274,232,42.531705,-72.18992,BETPAP_HF16_P5,BETPAP,155,113,152.6111111111111,2503.252777777778,269.6416666666667,1932.7444444444443,2233.6111111111113,1663.1027777777776,BETPAP2019,270,2455.1250000000005,2185.4833333333336,2826.3750000000005,HF16,HF,16,P5
2020,108,NA,143,NA,NA,NA,NA,293,263,42.531705,-72.18992,BETPAP_HF16_P5,BETPAP,150,120,211.25,2752.5833333333317,415.6666666666665,2452.9999999999986,2336.916666666665,2037.3333333333321,BETPAP2020,277,2621.638888888888,2205.9722222222213,3024.833333333331,HF16,HF,16,P5
2018,100,NA,124,NA,NA,NA,NA,274,NA,42.531705,-72.18992,BETPAP_HF16A_P6,BETPAP,150,NA,145.08611111111114,2649.3861111111105,310.475,NA,2338.9111111111106,NA,BETPAP2018,265,2555.094444444444,2244.619444444444,2950.9972222222204,HF16A,HF,16,P6
2018,103,NA,124,NA,NA,NA,NA,274,274,42.531705,-72.18992,BETPAP_HF16B_P6,BETPAP,150,150,161.7027777777778,2649.3861111111105,310.475,2649.3861111111105,2338.9111111111106,2338.9111111111106,BETPAP2018,265,2555.094444444444,2244.619444444444,2950.9972222222204,HF16B,HF,16,P6
2019,100,NA,115,NA,NA,NA,NA,274,232,42.531705,-72.18992,BETPAP_HF16A_P6,BETPAP,159,117,132.5222222222222,2503.252777777778,253.60277777777776,1932.7444444444443,2249.6500000000005,1679.1416666666664,BETPAP2019,270,2455.1250000000005,2201.522222222223,2826.3750000000005,HF16A,HF,16,P6
2019,NA,NA,115,NA,NA,NA,NA,267,240,42.531705,-72.18992,BETPAP_HF16B_P6,BETPAP,152,125,NA,2416.3222222222225,253.60277777777776,2053.336111111111,2162.719444444445,1799.7333333333336,BETPAP2019,270,2455.1250000000005,2201.522222222223,2826.3750000000005,HF16B,HF,16,P6
2020,85,NA,132,NA,NA,NA,311,293,301,42.531705,-72.18992,BETPAP_HF16A_P6,BETPAP,161,169,138.13888888888894,2752.5833333333317,323.1666666666665,2817.638888888887,2429.416666666665,2494.4722222222204,BETPAP2020,277,2621.638888888888,2298.4722222222213,3024.833333333331,HF16A,HF,16,P6
2020,98,NA,143,NA,NA,NA,NA,282,293,42.531705,-72.18992,BETPAP_HF16B_P6,BETPAP,139,150,173.6666666666667,2665.0277777777765,415.6666666666665,2752.5833333333317,2249.36111111111,2336.916666666665,BETPAP2020,277,2621.638888888888,2205.9722222222213,3024.833333333331,HF16B,HF,16,P6
2018,103,NA,128,NA,NA,NA,NA,263,NA,45.932675,-74.02507,BETPAP_SH1A_P1,BETPAP,135,NA,161.7027777777778,2530.8499999999995,351.5,NA,2179.3499999999995,NA,BETPAP2018,265,2555.094444444444,2203.594444444444,2950.9972222222204,SH1A,SH,1A,P1
2018,107,NA,124,NA,NA,NA,NA,263,268,45.932675,-74.02507,BETPAP_SH1B_P1,BETPAP,139,144,171.1777777777778,2530.8499999999995,310.475,2579.969444444444,2220.3749999999995,2269.494444444444,BETPAP2018,265,2555.094444444444,2244.619444444444,2950.9972222222204,SH1B,SH,1B,P1
2019,NA,NA,129,NA,NA,NA,NA,274,232,45.932675,-74.02507,BETPAP_SH1A_P1,BETPAP,145,103,NA,2503.252777777778,322.613888888889,1932.7444444444443,2180.638888888889,1610.1305555555552,BETPAP2019,270,2455.1250000000005,2132.5111111111114,2826.3750000000005,SH1A,SH,1A,P1
2019,107,NA,119,NA,225,NA,NA,274,232,45.932675,-74.02507,BETPAP_SH1B_P1,BETPAP,155,113,182.93888888888887,2503.252777777778,269.6416666666667,1932.7444444444443,2233.6111111111113,1663.1027777777776,BETPAP2019,270,2455.1250000000005,2185.4833333333336,2826.3750000000005,SH1B,SH,1B,P1
2020,119,NA,133,NA,NA,NA,NA,275,293,45.932675,-74.02507,BETPAP_SH1A_P1,BETPAP,142,160,238.38888888888886,2606.083333333332,327.1666666666665,2752.5833333333317,2278.9166666666656,2425.416666666665,BETPAP2020,277,2621.638888888888,2294.4722222222213,3024.833333333331,SH1A,SH,1A,P1
2020,100,NA,148,NA,NA,NA,NA,282,255,45.932675,-74.02507,BETPAP_SH1B_P1,BETPAP,134,107,179.0555555555556,2665.0277777777765,469.55555555555543,2368.6944444444434,2195.472222222221,1899.138888888888,BETPAP2020,277,2621.638888888888,2152.083333333332,3024.833333333331,SH1B,SH,1B,P1
2018,114,NA,124,NA,NA,NA,NA,239,288,44.794942,-71.146683,BETPOP_GR5_P1,BETPOP,115,164,202.07222222222225,2132.0749999999994,310.475,2786.038888888888,1821.5999999999995,2475.563888888888,BETPOP2018,266,2562.2972222222215,2251.8222222222216,2950.9972222222204,GR5,GR,5,P1
2019,103,NA,119,NA,NA,225,NA,NA,240,44.794942,-71.146683,BETPOP_GR5_P1,BETPOP,NA,121,152.6111111111111,NA,269.6416666666667,2053.336111111111,NA,1783.6944444444446,BETPOP2019,266,2400.6083333333336,2130.9666666666667,2826.3750000000005,GR5,GR,5,P1
2020,108,NA,143,NA,NA,NA,NA,282,275,44.794942,-71.146683,BETPOP_GR5_P1,BETPOP,139,132,211.25,2665.0277777777765,415.6666666666665,2606.083333333332,2249.36111111111,2190.4166666666656,BETPOP2020,282,2665.0277777777765,2249.36111111111,3024.833333333331,GR5,GR,5,P1
2018,110,NA,124,NA,NA,NA,NA,268,274,44.794942,-71.146683,BETPOP_GR5A_P12,BETPOP,144,150,177.94722222222225,2579.969444444444,310.475,2649.3861111111105,2269.494444444444,2338.9111111111106,BETPOP2018,266,2562.2972222222215,2251.8222222222216,2950.9972222222204,GR5A,GR,5A,P12
2018,110,NA,124,NA,NA,NA,NA,268,274,44.794942,-71.146683,BETPOP_GR5B_P12,BETPOP,144,150,177.94722222222225,2579.969444444444,310.475,2649.3861111111105,2269.494444444444,2338.9111111111106,BETPOP2018,266,2562.2972222222215,2251.8222222222216,2950.9972222222204,GR5B,GR,5B,P12
2018,114,NA,124,NA,NA,NA,NA,253,NA,44.794942,-71.146683,BETPOP_GR5C_P12,BETPOP,129,NA,202.07222222222225,2380.266666666666,310.475,NA,2069.791666666666,NA,BETPOP2018,266,2562.2972222222215,2251.8222222222216,2950.9972222222204,GR5C,GR,5C,P12
2019,NA,NA,127,NA,NA,NA,NA,274,245,44.794942,-71.146683,BETPOP_GR5A_P12,BETPOP,147,118,NA,2503.252777777778,309.5583333333334,2130.6666666666665,2193.694444444445,1821.1083333333331,BETPOP2019,266,2400.6083333333336,2091.05,2826.3750000000005,GR5A,GR,5A,P12
2019,107,142,119,NA,NA,147,NA,274,240,44.794942,-71.146683,BETPOP_GR5B_P12,BETPOP,155,121,182.93888888888887,2503.252777777778,269.6416666666667,2053.336111111111,2233.6111111111113,1783.6944444444446,BETPOP2019,266,2400.6083333333336,2130.9666666666667,2826.3750000000005,GR5B,GR,5B,P12
2019,107,NA,127,NA,NA,NA,NA,240,232,44.794942,-71.146683,BETPOP_GR5C_P12,BETPOP,113,105,182.93888888888887,2053.336111111111,309.5583333333334,1932.7444444444443,1743.7777777777778,1623.186111111111,BETPOP2019,266,2400.6083333333336,2091.05,2826.3750000000005,GR5C,GR,5C,P12
2020,NA,NA,148,NA,NA,NA,NA,282,293,44.794942,-71.146683,BETPOP_GR5A_P12,BETPOP,134,145,NA,2665.0277777777765,469.55555555555543,2752.5833333333317,2195.472222222221,2283.0277777777765,BETPOP2020,282,2665.0277777777765,2195.472222222221,3024.833333333331,GR5A,GR,5A,P12
2020,NA,NA,135,NA,NA,NA,306,282,268,44.794942,-71.146683,BETPOP_GR5B_P12,BETPOP,147,133,NA,2665.0277777777765,340.72222222222206,2498.5277777777765,2324.3055555555543,2157.8055555555543,BETPOP2020,282,2665.0277777777765,2324.3055555555543,3024.833333333331,GR5B,GR,5B,P12
2020,NA,NA,135,NA,NA,NA,220,282,255,44.794942,-71.146683,BETPOP_GR5C_P12,BETPOP,147,120,NA,2665.0277777777765,340.72222222222206,2368.6944444444434,2324.3055555555543,2027.9722222222213,BETPOP2020,282,2665.0277777777765,2324.3055555555543,3024.833333333331,GR5C,GR,5C,P12
2018,NA,NA,142,NA,NA,NA,NA,NA,NA,44.794942,-71.146683,BETPOP_GR3_P16,BETPOP,NA,NA,NA,NA,488.41388888888883,NA,NA,NA,BETPOP2018,266,2562.2972222222215,2073.8833333333328,2950.9972222222204,GR3,GR,3,P16
2019,NA,NA,150,NA,NA,NA,NA,NA,NA,44.794942,-71.146683,BETPOP_GR3_P16,BETPOP,NA,NA,NA,NA,519.538888888889,NA,NA,NA,BETPOP2019,266,2400.6083333333336,1881.0694444444446,2826.3750000000005,GR3,GR,3,P16
2020,NA,NA,135,NA,NA,NA,NA,282,293,44.794942,-71.146683,BETPOP_GR3_P16,BETPOP,147,158,NA,2665.0277777777765,340.72222222222206,2752.5833333333317,2324.3055555555543,2411.8611111111095,BETPOP2020,282,2665.0277777777765,2324.3055555555543,3024.833333333331,GR3,GR,3,P16
2018,103,NA,124,NA,NA,NA,NA,263,274,44.794942,-71.146683,BETPOP_GR5A_P3,BETPOP,139,150,161.7027777777778,2530.8499999999995,310.475,2649.3861111111105,2220.3749999999995,2338.9111111111106,BETPOP2018,266,2562.2972222222215,2251.8222222222216,2950.9972222222204,GR5A,GR,5A,P3
2018,114,NA,124,NA,NA,NA,NA,260,NA,44.794942,-71.146683,BETPOP_GR5B_P3,BETPOP,136,NA,202.07222222222225,2490.516666666666,310.475,NA,2180.041666666666,NA,BETPOP2018,266,2562.2972222222215,2251.8222222222216,2950.9972222222204,GR5B,GR,5B,P3
2019,112,147,129,NA,NA,147,186,267,240,44.794942,-71.146683,BETPOP_GR5A_P3,BETPOP,138,111,235.5222222222222,2416.3222222222225,322.613888888889,2053.336111111111,2093.7083333333335,1730.7222222222222,BETPOP2019,266,2400.6083333333336,2077.9944444444445,2826.3750000000005,GR5A,GR,5A,P3
2019,112,NA,132,NA,NA,NA,NA,260,240,44.794942,-71.146683,BETPOP_GR5B_P3,BETPOP,128,108,235.5222222222222,2321.8250000000007,346.06111111111125,2053.336111111111,1975.7638888888896,1707.275,BETPOP2019,266,2400.6083333333336,2054.5472222222224,2826.3750000000005,GR5B,GR,5B,P3
2020,111,143,135,NA,NA,NA,298,NA,282,44.794942,-71.146683,BETPOP_GR5A_P3,BETPOP,NA,147,219.63888888888889,NA,340.72222222222206,2665.0277777777765,NA,2324.3055555555543,BETPOP2020,282,2665.0277777777765,2324.3055555555543,3024.833333333331,GR5A,GR,5A,P3
2020,108,143,143,NA,NA,NA,NA,282,275,44.794942,-71.146683,BETPOP_GR5B_P3,BETPOP,139,132,211.25,2665.0277777777765,415.6666666666665,2606.083333333332,2249.36111111111,2190.4166666666656,BETPOP2020,282,2665.0277777777765,2249.36111111111,3024.833333333331,GR5B,GR,5B,P3
2018,103,NA,124,NA,NA,NA,NA,268,268,44.794942,-71.146683,BETPOP_GR3_P6,BETPOP,144,144,161.7027777777778,2579.969444444444,310.475,2579.969444444444,2269.494444444444,2269.494444444444,BETPOP2018,266,2562.2972222222215,2251.8222222222216,2950.9972222222204,GR3,GR,3,P6
2018,110,NA,124,NA,NA,NA,NA,268,NA,44.794942,-71.146683,BETPOP_GR5_P6,BETPOP,144,NA,177.94722222222225,2579.969444444444,310.475,NA,2269.494444444444,NA,BETPOP2018,266,2562.2972222222215,2251.8222222222216,2950.9972222222204,GR5,GR,5,P6
2019,100,NA,112,100,NA,140,179,NA,240,44.794942,-71.146683,BETPOP_GR3_P6,BETPOP,NA,128,132.5222222222222,NA,235.5222222222222,2053.336111111111,NA,1817.813888888889,BETPOP2019,266,2400.6083333333336,2165.086111111111,2826.3750000000005,GR3,GR,3,P6
2019,112,129,127,100,NA,NA,NA,263,240,44.794942,-71.146683,BETPOP_GR5_P6,BETPOP,136,113,235.5222222222222,2347.4972222222227,309.5583333333334,2053.336111111111,2037.9388888888893,1743.7777777777778,BETPOP2019,266,2400.6083333333336,2091.05,2826.3750000000005,GR5,GR,5,P6
2020,91,NA,130,NA,NA,NA,311,282,268,44.794942,-71.146683,BETPOP_GR3_P6,BETPOP,152,138,150.44444444444449,2665.0277777777765,310.30555555555543,2498.5277777777765,2354.722222222221,2188.222222222221,BETPOP2020,282,2665.0277777777765,2354.722222222221,3024.833333333331,GR3,GR,3,P6
2020,100,NA,133,NA,NA,NA,NA,282,275,44.794942,-71.146683,BETPOP_GR5_P6,BETPOP,149,142,179.0555555555556,2665.0277777777765,327.1666666666665,2606.083333333332,2337.86111111111,2278.9166666666656,BETPOP2020,282,2665.0277777777765,2337.86111111111,3024.833333333331,GR5,GR,5,P6
2018,114,128,124,NA,128,163,211,260,NA,42.531705,-72.18992,BETPOP_HF3_P1,BETPOP,136,NA,202.07222222222225,2490.516666666666,310.475,NA,2180.041666666666,NA,BETPOP2018,266,2562.2972222222215,2251.8222222222216,2950.9972222222204,HF3,HF,3,P1
2019,112,NA,127,107,NA,147,NA,NA,245,42.531705,-72.18992,BETPOP_HF3_P1,BETPOP,NA,118,235.5222222222222,NA,309.5583333333334,2130.6666666666665,NA,1821.1083333333331,BETPOP2019,266,2400.6083333333336,2091.05,2826.3750000000005,HF3,HF,3,P1
2020,108,135,130,NA,NA,NA,214,282,275,42.531705,-72.18992,BETPOP_HF3_P1,BETPOP,152,145,211.25,2665.0277777777765,310.30555555555543,2606.083333333332,2354.722222222221,2295.7777777777765,BETPOP2020,282,2665.0277777777765,2354.722222222221,3024.833333333331,HF3,HF,3,P1
2018,107,NA,124,NA,128,166,197,268,NA,42.531705,-72.18992,BETPOP_HF1_P2,BETPOP,144,NA,171.1777777777778,2579.969444444444,310.475,NA,2269.494444444444,NA,BETPOP2018,266,2562.2972222222215,2251.8222222222216,2950.9972222222204,HF1,HF,1,P2
2018,103,NA,124,NA,NA,NA,NA,263,263,42.531705,-72.18992,BETPOP_HF5_P2,BETPOP,139,139,161.7027777777778,2530.8499999999995,310.475,2530.8499999999995,2220.3749999999995,2220.3749999999995,BETPOP2018,266,2562.2972222222215,2251.8222222222216,2950.9972222222204,HF5,HF,5,P2
2019,103,155,119,NA,NA,168,NA,267,232,42.531705,-72.18992,BETPOP_HF1_P2,BETPOP,148,113,152.6111111111111,2416.3222222222225,269.6416666666667,1932.7444444444443,2146.6805555555557,1663.1027777777776,BETPOP2019,266,2400.6083333333336,2130.9666666666667,2826.3750000000005,HF1,HF,1,P2
2019,103,NA,115,NA,NA,NA,NA,263,240,42.531705,-72.18992,BETPOP_HF5_P2,BETPOP,148,125,152.6111111111111,2347.4972222222227,253.60277777777776,2053.336111111111,2093.894444444445,1799.7333333333336,BETPOP2019,266,2400.6083333333336,2147.005555555556,2826.3750000000005,HF5,HF,5,P2
2020,100,NA,130,NA,NA,NA,265.5,282,275,42.531705,-72.18992,BETPOP_HF1_P2,BETPOP,152,145,179.0555555555556,2665.0277777777765,310.30555555555543,2606.083333333332,2354.722222222221,2295.7777777777765,BETPOP2020,282,2665.0277777777765,2354.722222222221,3024.833333333331,HF1,HF,1,P2
2020,NA,NA,NA,NA,NA,NA,NA,282,293,42.531705,-72.18992,BETPOP_HF5_P2,BETPOP,NA,NA,NA,2665.0277777777765,NA,2752.5833333333317,NA,NA,BETPOP2020,282,2665.0277777777765,NA,3024.833333333331,HF5,HF,5,P2
2018,114,NA,124,NA,NA,NA,NA,270,288,42.531705,-72.18992,BETPOP_HF1_P3,BETPOP,146,164,202.07222222222225,2611.2166666666662,310.475,2786.038888888888,2300.7416666666663,2475.563888888888,BETPOP2018,266,2562.2972222222215,2251.8222222222216,2950.9972222222204,HF1,HF,1,P3
2019,112,161,119,NA,NA,168,NA,274,240,42.531705,-72.18992,BETPOP_HF1_P3,BETPOP,155,121,235.5222222222222,2503.252777777778,269.6416666666667,2053.336111111111,2233.6111111111113,1783.6944444444446,BETPOP2019,266,2400.6083333333336,2130.9666666666667,2826.3750000000005,HF1,HF,1,P3
2020,108,NA,130,NA,NA,NA,NA,282,268,42.531705,-72.18992,BETPOP_HF1_P3,BETPOP,152,138,211.25,2665.0277777777765,310.30555555555543,2498.5277777777765,2354.722222222221,2188.222222222221,BETPOP2020,282,2665.0277777777765,2354.722222222221,3024.833333333331,HF1,HF,1,P3
2018,107,NA,124,NA,NA,NA,NA,263,274,42.531705,-72.18992,BETPOP_HF3A_P6,BETPOP,139,150,171.1777777777778,2530.8499999999995,310.475,2649.3861111111105,2220.3749999999995,2338.9111111111106,BETPOP2018,266,2562.2972222222215,2251.8222222222216,2950.9972222222204,HF3A,HF,3A,P6
2018,110,131,124,NA,128,151,180,263,NA,42.531705,-72.18992,BETPOP_HF3B_P6,BETPOP,139,NA,177.94722222222225,2530.8499999999995,310.475,NA,2220.3749999999995,NA,BETPOP2018,266,2562.2972222222215,2251.8222222222216,2950.9972222222204,HF3B,HF,3B,P6
2018,110,NA,124,NA,NA,NA,NA,270,NA,42.531705,-72.18992,BETPOP_HF5_P6,BETPOP,146,NA,177.94722222222225,2611.2166666666662,310.475,NA,2300.7416666666663,NA,BETPOP2018,266,2562.2972222222215,2251.8222222222216,2950.9972222222204,HF5,HF,5,P6
2019,NA,NA,117,NA,NA,NA,206,274,240,42.531705,-72.18992,BETPOP_HF3A_P6,BETPOP,157,123,NA,2503.252777777778,260.28333333333336,2053.336111111111,2242.969444444445,1793.052777777778,BETPOP2019,266,2400.6083333333336,2140.3250000000003,2826.3750000000005,HF3A,HF,3A,P6
2019,NA,147,119,103,NA,168,225,260,240,42.531705,-72.18992,BETPOP_HF3B_P6,BETPOP,141,121,NA,2321.8250000000007,269.6416666666667,2053.336111111111,2052.183333333334,1783.6944444444446,BETPOP2019,266,2400.6083333333336,2130.9666666666667,2826.3750000000005,HF3B,HF,3B,P6
2019,103,147,119,103,NA,147,214,NA,240,42.531705,-72.18992,BETPOP_HF5_P6,BETPOP,NA,121,152.6111111111111,NA,269.6416666666667,2053.336111111111,NA,1783.6944444444446,BETPOP2019,266,2400.6083333333336,2130.9666666666667,2826.3750000000005,HF5,HF,5,P6
2020,100,133,135,NA,NA,NA,277.3333333333333,282,293,42.531705,-72.18992,BETPOP_HF3A_P6,BETPOP,147,158,179.0555555555556,2665.0277777777765,340.72222222222206,2752.5833333333317,2324.3055555555543,2411.8611111111095,BETPOP2020,282,2665.0277777777765,2324.3055555555543,3024.833333333331,HF3A,HF,3A,P6
2020,108,NA,130,NA,NA,NA,270.5,282,268,42.531705,-72.18992,BETPOP_HF3B_P6,BETPOP,152,138,211.25,2665.0277777777765,310.30555555555543,2498.5277777777765,2354.722222222221,2188.222222222221,BETPOP2020,282,2665.0277777777765,2354.722222222221,3024.833333333331,HF3B,HF,3B,P6
2020,100,NA,130,NA,NA,NA,284.3333333333333,282,275,42.531705,-72.18992,BETPOP_HF5_P6,BETPOP,152,145,179.0555555555556,2665.0277777777765,310.30555555555543,2606.083333333332,2354.722222222221,2295.7777777777765,BETPOP2020,282,2665.0277777777765,2354.722222222221,3024.833333333331,HF5,HF,5,P6
2018,114,128,124,NA,128,151,180,297,NA,42.531705,-72.18992,BETPOP_HF4_P9,BETPOP,173,NA,202.07222222222225,2824.0361111111097,310.475,NA,2513.5611111111098,NA,BETPOP2018,266,2562.2972222222215,2251.8222222222216,2950.9972222222204,HF4,HF,4,P9
2019,107,147,134,NA,112,168,NA,260,245,42.531705,-72.18992,BETPOP_HF4_P9,BETPOP,126,111,182.93888888888887,2321.8250000000007,350.6305555555557,2130.6666666666665,1971.194444444445,1780.0361111111108,BETPOP2019,266,2400.6083333333336,2049.977777777778,2826.3750000000005,HF4,HF,4,P9
2020,NA,NA,133,NA,NA,NA,311,282,275,42.531705,-72.18992,BETPOP_HF4_P9,BETPOP,149,142,NA,2665.0277777777765,327.1666666666665,2606.083333333332,2337.86111111111,2278.9166666666656,BETPOP2020,282,2665.0277777777765,2337.86111111111,3024.833333333331,HF4,HF,4,P9
2018,103,NA,124,NA,NA,NA,NA,268,274,44.112337,-71.230138,BETPOP_WM7_P1,BETPOP,144,150,161.7027777777778,2579.969444444444,310.475,2649.3861111111105,2269.494444444444,2338.9111111111106,BETPOP2018,266,2562.2972222222215,2251.8222222222216,2950.9972222222204,WM7,WM,7,P1
2019,97,142,112,112,NA,147,225,NA,245,44.112337,-71.230138,BETPOP_WM7_P1,BETPOP,NA,133,128.325,NA,235.5222222222222,2130.6666666666665,NA,1895.1444444444444,BETPOP2019,266,2400.6083333333336,2165.086111111111,2826.3750000000005,WM7,WM,7,P1
2020,85,NA,133,NA,NA,NA,265.5,282,268,44.112337,-71.230138,BETPOP_WM7_P1,BETPOP,149,135,138.13888888888894,2665.0277777777765,327.1666666666665,2498.5277777777765,2337.86111111111,2171.36111111111,BETPOP2020,282,2665.0277777777765,2337.86111111111,3024.833333333331,WM7,WM,7,P1
2018,103,NA,124,NA,NA,NA,NA,268,274,44.112337,-71.230138,BETPOP_WM7_P15,BETPOP,144,150,161.7027777777778,2579.969444444444,310.475,2649.3861111111105,2269.494444444444,2338.9111111111106,BETPOP2018,266,2562.2972222222215,2251.8222222222216,2950.9972222222204,WM7,WM,7,P15
2018,103,NA,124,NA,NA,NA,NA,268,NA,44.112337,-71.230138,BETPOP_WM8_P15,BETPOP,144,NA,161.7027777777778,2579.969444444444,310.475,NA,2269.494444444444,NA,BETPOP2018,266,2562.2972222222215,2251.8222222222216,2950.9972222222204,WM8,WM,8,P15
2018,103,NA,124,NA,NA,NA,NA,263,NA,44.112337,-71.230138,BETPOP_WM9_P15,BETPOP,139,NA,161.7027777777778,2530.8499999999995,310.475,NA,2220.3749999999995,NA,BETPOP2018,266,2562.2972222222215,2251.8222222222216,2950.9972222222204,WM9,WM,9,P15
2019,NA,142,119,NA,NA,147,214,274,240,44.112337,-71.230138,BETPOP_WM7_P15,BETPOP,155,121,NA,2503.252777777778,269.6416666666667,2053.336111111111,2233.6111111111113,1783.6944444444446,BETPOP2019,266,2400.6083333333336,2130.9666666666667,2826.3750000000005,WM7,WM,7,P15
2019,100,NA,119,NA,NA,218,NA,263,240,44.112337,-71.230138,BETPOP_WM8_P15,BETPOP,144,121,132.5222222222222,2347.4972222222227,269.6416666666667,2053.336111111111,2077.855555555556,1783.6944444444446,BETPOP2019,266,2400.6083333333336,2130.9666666666667,2826.3750000000005,WM8,WM,8,P15
2019,107,NA,115,NA,NA,NA,NA,267,240,44.112337,-71.230138,BETPOP_WM9_P15,BETPOP,152,125,182.93888888888887,2416.3222222222225,253.60277777777776,2053.336111111111,2162.719444444445,1799.7333333333336,BETPOP2019,266,2400.6083333333336,2147.005555555556,2826.3750000000005,WM9,WM,9,P15
2020,NA,NA,133,NA,NA,NA,276,282,275,44.112337,-71.230138,BETPOP_WM7_P15,BETPOP,149,142,NA,2665.0277777777765,327.1666666666665,2606.083333333332,2337.86111111111,2278.9166666666656,BETPOP2020,282,2665.0277777777765,2337.86111111111,3024.833333333331,WM7,WM,7,P15
2020,NA,NA,133,NA,NA,NA,NA,282,293,44.112337,-71.230138,BETPOP_WM8_P15,BETPOP,149,160,NA,2665.0277777777765,327.1666666666665,2752.5833333333317,2337.86111111111,2425.416666666665,BETPOP2020,282,2665.0277777777765,2337.86111111111,3024.833333333331,WM8,WM,8,P15
2020,NA,NA,133,NA,NA,NA,NA,282,275,44.112337,-71.230138,BETPOP_WM9_P15,BETPOP,149,142,NA,2665.0277777777765,327.1666666666665,2606.083333333332,2337.86111111111,2278.9166666666656,BETPOP2020,282,2665.0277777777765,2337.86111111111,3024.833333333331,WM9,WM,9,P15
2018,NA,NA,142,NA,NA,NA,NA,268,263,44.112337,-71.230138,BETPOP_WM8_P16,BETPOP,126,121,NA,2579.969444444444,488.41388888888883,2530.8499999999995,2091.555555555555,2042.4361111111107,BETPOP2018,266,2562.2972222222215,2073.8833333333328,2950.9972222222204,WM8,WM,8,P16
2019,97,150,115,NA,NA,168,NA,274,240,44.112337,-71.230138,BETPOP_WM8_P16,BETPOP,159,125,128.325,2503.252777777778,253.60277777777776,2053.336111111111,2249.6500000000005,1799.7333333333336,BETPOP2019,266,2400.6083333333336,2147.005555555556,2826.3750000000005,WM8,WM,8,P16
2020,NA,NA,133,NA,NA,NA,276,282,275,44.112337,-71.230138,BETPOP_WM8_P16,BETPOP,149,142,NA,2665.0277777777765,327.1666666666665,2606.083333333332,2337.86111111111,2278.9166666666656,BETPOP2020,282,2665.0277777777765,2337.86111111111,3024.833333333331,WM8,WM,8,P16
2018,110,NA,124,NA,NA,NA,NA,274,NA,44.112337,-71.230138,BETPOP_WM7_P2,BETPOP,150,NA,177.94722222222225,2649.3861111111105,310.475,NA,2338.9111111111106,NA,BETPOP2018,266,2562.2972222222215,2251.8222222222216,2950.9972222222204,WM7,WM,7,P2
2019,103,142,119,NA,119,142,225,267,245,44.112337,-71.230138,BETPOP_WM7_P2,BETPOP,148,126,152.6111111111111,2416.3222222222225,269.6416666666667,2130.6666666666665,2146.6805555555557,1861.0249999999999,BETPOP2019,266,2400.6083333333336,2130.9666666666667,2826.3750000000005,WM7,WM,7,P2
2020,100,NA,132,NA,NA,NA,311,282,293,44.112337,-71.230138,BETPOP_WM7_P2,BETPOP,150,161,179.0555555555556,2665.0277777777765,323.1666666666665,2752.5833333333317,2341.86111111111,2429.416666666665,BETPOP2020,282,2665.0277777777765,2341.86111111111,3024.833333333331,WM7,WM,7,P2
2018,110,NA,124,NA,NA,NA,NA,268,NA,44.112337,-71.230138,BETPOP_WM7_P3,BETPOP,144,NA,177.94722222222225,2579.969444444444,310.475,NA,2269.494444444444,NA,BETPOP2018,266,2562.2972222222215,2251.8222222222216,2950.9972222222204,WM7,WM,7,P3
2019,103,147,119,107,NA,147,NA,274,245,44.112337,-71.230138,BETPOP_WM7_P3,BETPOP,155,126,152.6111111111111,2503.252777777778,269.6416666666667,2130.6666666666665,2233.6111111111113,1861.0249999999999,BETPOP2019,266,2400.6083333333336,2130.9666666666667,2826.3750000000005,WM7,WM,7,P3
2020,100,NA,130,NA,NA,NA,265.5,282,301,44.112337,-71.230138,BETPOP_WM7_P3,BETPOP,152,171,179.0555555555556,2665.0277777777765,310.30555555555543,2817.638888888887,2354.722222222221,2507.333333333331,BETPOP2020,282,2665.0277777777765,2354.722222222221,3024.833333333331,WM7,WM,7,P3
2018,110,NA,124,NA,NA,NA,NA,268,281,44.112337,-71.230138,BETPOP_WM7_P6,BETPOP,144,157,177.94722222222225,2579.969444444444,310.475,2718.491666666666,2269.494444444444,2408.016666666666,BETPOP2018,266,2562.2972222222215,2251.8222222222216,2950.9972222222204,WM7,WM,7,P6
2019,100,150,112,NA,NA,147,NA,274,245,44.112337,-71.230138,BETPOP_WM7_P6,BETPOP,162,133,132.5222222222222,2503.252777777778,235.5222222222222,2130.6666666666665,2267.730555555556,1895.1444444444444,BETPOP2019,266,2400.6083333333336,2165.086111111111,2826.3750000000005,WM7,WM,7,P6
2020,100,NA,132,NA,NA,NA,311,282,293,44.112337,-71.230138,BETPOP_WM7_P6,BETPOP,150,161,179.0555555555556,2665.0277777777765,323.1666666666665,2752.5833333333317,2341.86111111111,2429.416666666665,BETPOP2020,282,2665.0277777777765,2341.86111111111,3024.833333333331,WM7,WM,7,P6
2018,103,NA,124,NA,NA,NA,NA,268,NA,44.112337,-71.230138,BETPOP_WM7_P9,BETPOP,144,NA,161.7027777777778,2579.969444444444,310.475,NA,2269.494444444444,NA,BETPOP2018,266,2562.2972222222215,2251.8222222222216,2950.9972222222204,WM7,WM,7,P9
2019,NA,142,112,112,NA,142,221,260,240,44.112337,-71.230138,BETPOP_WM7_P9,BETPOP,148,128,NA,2321.8250000000007,235.5222222222222,2053.336111111111,2086.3027777777784,1817.813888888889,BETPOP2019,266,2400.6083333333336,2165.086111111111,2826.3750000000005,WM7,WM,7,P9
2020,NA,NA,135,NA,NA,NA,256.5,282,293,44.112337,-71.230138,BETPOP_WM7_P9,BETPOP,147,158,NA,2665.0277777777765,340.72222222222206,2752.5833333333317,2324.3055555555543,2411.8611111111095,BETPOP2020,282,2665.0277777777765,2324.3055555555543,3024.833333333331,WM7,WM,7,P9
