treeid,year,latbi,site,plot,replicate,provenance.lat,provenance.long,sampleType,lengthCM,BAI,budburst,flowers,leafout,flobuds,flobudburst,fruit,ripefruit,budset,leafcolor,pgsGDD5,pgsGSL
ALNINC_GR11_P1,2018,Alnus incana,GR,11,P1,44.794942,-71.146683,cookie,0.5977466666666666,185.99407410744394,107,NA,124,NA,NA,NA,NA,274,297,2338.9111111111106,150
ALNINC_GR11_P1,2019,Alnus incana,GR,11,P1,44.794942,-71.146683,cookie,0.43688000000000005,281.1186069634032,NA,NA,115,NA,NA,NA,NA,249,245,1932.7944444444447,134
ALNINC_GR11_P1,2020,Alnus incana,GR,11,P1,44.794942,-71.146683,cookie,0.21928666666666669,184.6583931925429,91,NA,154,NA,NA,NA,268,268,241,1954.11111111111,114
ALNINC_GR11_P15,2018,Alnus incana,GR,11,P15,44.794942,-71.146683,cookie,0.4512733333333333,63.97958875073858,103,NA,124,NA,NA,NA,NA,268,NA,2269.494444444444,144
ALNINC_GR11_P15,2019,Alnus incana,GR,11,P15,44.794942,-71.146683,cookie,0.37084,149.03550619204452,93,NA,119,NA,NA,NA,NA,263,240,2077.855555555556,144
ALNINC_GR11_P15,2020,Alnus incana,GR,11,P15,44.794942,-71.146683,cookie,0.2726266666666667,165.06908205063365,NA,119,143,NA,NA,NA,NA,282,263,2249.36111111111,139
ALNINC_GR11A_P3,2018,Alnus incana,GR,11,P3,44.794942,-71.146683,cookie,0.5274733333333333,151.6372801947172,103,NA,124,NA,NA,NA,NA,274,304,2338.9111111111106,150
ALNINC_GR11A_P3,2019,Alnus incana,GR,11,P3,44.794942,-71.146683,cookie,0.43518666666666667,264.4715772501201,NA,NA,112,NA,NA,NA,NA,274,240,2267.730555555556,162
ALNINC_GR11A_P3,2020,Alnus incana,GR,11,P3,44.794942,-71.146683,cookie,0.24722666666666668,208.67700331173646,85,NA,154,NA,NA,NA,275,282,293,2120.61111111111,128
ALNINC_GR11B_P3,2018,Alnus incana,GR,11,P3,44.794942,-71.146683,cookie,0.7806266666666667,280.95105569031506,103,NA,124,NA,NA,NA,NA,274,NA,2338.9111111111106,150
ALNINC_GR11B_P3,2019,Alnus incana,GR,11,P3,44.794942,-71.146683,cookie,0.6096,492.4277867265581,97,100,119,NA,86,214,NA,274,240,2233.6111111111113,155
ALNINC_GR11B_P3,2020,Alnus incana,GR,11,P3,44.794942,-71.146683,cookie,0.12192,126.94170888344941,98,NA,148,NA,NA,NA,NA,282,275,2195.472222222221,134
ALNINC_GR8_P16,2018,Alnus incana,GR,8,P16,44.794942,-71.146683,cookie,0.43603333333333333,252.684210066368,NA,NA,142,NA,NA,NA,NA,246,304,1779.1861111111107,104
ALNINC_GR8_P16,2019,Alnus incana,GR,8,P16,44.794942,-71.146683,cookie,0.27432,221.1474121773119,97,NA,127,NA,NA,NA,NA,263,240,2037.9388888888893,136
ALNINC_GR8_P16,2020,Alnus incana,GR,8,P16,44.794942,-71.146683,cookie,0.06096,55.181120083689606,NA,NA,143,NA,NA,NA,275,282,293,2249.36111111111,139
ALNINC_GR8_P3,2018,Alnus incana,GR,8,P3,44.794942,-71.146683,cookie,0.6028266666666667,403.7877583831025,107,NA,124,NA,NA,NA,NA,274,297,2338.9111111111106,150
ALNINC_GR8_P3,2019,Alnus incana,GR,8,P3,44.794942,-71.146683,cookie,0.40301333333333333,396.79384395161287,97,123.5,119,NA,NA,150,221,274,240,2233.6111111111113,155
ALNINC_GR8_P3,2020,Alnus incana,GR,8,P3,44.794942,-71.146683,cookie,0.10922,125.30875958081124,91,108,154,NA,NA,NA,NA,282,293,2120.61111111111,128
ALNINC_GR8A_P5,2018,Alnus incana,GR,8A,P5,44.794942,-71.146683,cookie,0.64008,187.2615184151598,114,NA,124,NA,NA,NA,NA,263,NA,2220.3749999999995,139
ALNINC_GR8A_P5,2019,Alnus incana,GR,8A,P5,44.794942,-71.146683,cookie,0.50038,322.53417386494414,107,103,129,NA,86,211,NA,274,240,2180.638888888889,145
ALNINC_GR8A_P5,2020,Alnus incana,GR,8A,P5,44.794942,-71.146683,cookie,0.17610666666666666,150.3205163590358,108,NA,154,NA,NA,NA,297,282,229,2120.61111111111,128
ALNINC_GR8B_P5,2018,Alnus incana,GR,8B,P5,44.794942,-71.146683,cookie,0.21420666666666668,14.510075371435946,107,NA,124,NA,NA,NA,NA,268,297,2269.494444444444,144
ALNINC_GR8B_P5,2019,Alnus incana,GR,8B,P5,44.794942,-71.146683,cookie,0.4690533333333333,132.30064718238452,97,119.5,119,NA,NA,142,228,263,240,2077.855555555556,144
ALNINC_GR8B_P5,2020,Alnus incana,GR,8B,P5,44.794942,-71.146683,cookie,0.6731,436.220415095203,98,NA,154,NA,NA,NA,NA,282,293,2120.61111111111,128
ALNINC_HF1_P1,2018,Alnus incana,HF,1,P1,42.531705,-72.18992,cookie,0.33274000000000004,68.58995120055368,114,128,128,89,NA,151,187,297,NA,2472.5361111111097,169
ALNINC_HF1_P1,2019,Alnus incana,HF,1,P1,42.531705,-72.18992,cookie,0.25146,98.88159991097423,107,122.5,119,NA,86,147,NA,249,249,1916.7555555555557,130
ALNINC_HF1_P1,2020,Alnus incana,HF,1,P1,42.531705,-72.18992,cookie,0.10498666666666667,51.946299537131225,108,NA,133,NA,NA,NA,NA,282,293,2337.86111111111,149
ALNINC_HF1_P16,2018,Alnus incana,HF,1,P16,42.531705,-72.18992,cookie,0.31834666666666667,48.515552098655085,NA,NA,142,NA,NA,NA,NA,263,NA,2042.4361111111107,121
ALNINC_HF1_P16,2019,Alnus incana,HF,1,P16,42.531705,-72.18992,cookie,0.34374666666666664,123.61500538068128,107,100,119,86,NA,168,228,249,232,1916.7555555555557,130
ALNINC_HF1_P16,2020,Alnus incana,HF,1,P16,42.531705,-72.18992,cookie,0.21505333333333335,115.03070507479755,NA,NA,135,NA,NA,NA,268,282,275,2324.3055555555543,147
ALNINC_HF2_P1,2018,Alnus incana,HF,2,P1,42.531705,-72.18992,cookie,0.41148,112.23367979017938,114,NA,124,NA,NA,NA,187,297,NA,2513.5611111111098,173
ALNINC_HF2_P1,2019,Alnus incana,HF,2,P1,42.531705,-72.18992,cookie,0.29125333333333336,144.18057293231846,107,125.33333333333333,135.5,NA,NA,147,NA,249,263,1821.2777777777778,113
ALNINC_HF2_P1,2020,Alnus incana,HF,2,P1,42.531705,-72.18992,cookie,0.11853333333333334,74.1549505409885,108,NA,143,NA,NA,NA,275,282,275,2249.36111111111,139
ALNINC_HF5_P6,2018,Alnus incana,HF,5,P6,42.531705,-72.18992,cookie,0.44026666666666664,86.82398873837016,110,82,128,58,121,151,NA,239,NA,1780.5749999999994,111
ALNINC_HF5_P6,2019,Alnus incana,HF,5,P6,42.531705,-72.18992,cookie,0.45974,221.18997560555607,103,124.5,129,NA,NA,147,211,263,240,2024.8833333333337,134
ALNINC_HF5_P6,2020,Alnus incana,HF,5,P6,42.531705,-72.18992,cookie,0.32850666666666667,237.43096372558907,100,NA,154,NA,NA,NA,293,282,275,2120.61111111111,128
ALNINC_HF8_P12,2018,Alnus incana,HF,8,P12,42.531705,-72.18992,core,0.62738,251.7079536566402,110,82,124,58,NA,151,184,274,NA,2338.9111111111106,150
ALNINC_HF8_P12,2019,Alnus incana,HF,8,P12,42.531705,-72.18992,core,0.45339,341.63535680198964,103,127,127,NA,NA,147,221,263,249,2037.9388888888893,136
ALNINC_HF8_P12,2020,Alnus incana,HF,8,P12,42.531705,-72.18992,core,0.14605,138.66252848494668,NA,NA,157,NA,NA,NA,NA,282,293,2070.0277777777765,125
ALNINC_HF9_P2,2018,Alnus incana,HF,9,P2,42.531705,-72.18992,cookie,0.3674533333333333,119.82348221708774,110,82,128,58,NA,149,180,288,297,2434.538888888888,160
ALNINC_HF9_P2,2019,Alnus incana,HF,9,P2,42.531705,-72.18992,cookie,0.27432,147.25324708556562,100,124.5,132,NA,86,147,228,253,240,1890.9666666666667,121
ALNINC_HF9_P2,2020,Alnus incana,HF,9,P2,42.531705,-72.18992,cookie,0.16171333333333335,109.76567656198853,100,NA,154,NA,NA,NA,275,282,293,2120.61111111111,128
ALNINC_HF9_P6,2018,Alnus incana,HF,9,P6,42.531705,-72.18992,core,0.73152,169.9375275098024,114,NA,124,NA,NA,NA,NA,263,NA,2220.3749999999995,139
ALNINC_HF9_P6,2019,Alnus incana,HF,9,P6,42.531705,-72.18992,core,0.47625,289.35530593862603,100,121,123,NA,86,147,232,253,240,1952.6944444444443,130
ALNINC_HF9_P6,2020,Alnus incana,HF,9,P6,42.531705,-72.18992,core,0.32893000000000006,283.388318664774,98,NA,157,NA,NA,NA,293,282,293,2070.0277777777765,125
ALNINC_SH1_P1,2018,Alnus incana,SH,1,P1,45.932675,-74.02507,cookie,0.5274733333333333,144.9933317287908,103,NA,124,NA,NA,NA,NA,277,NA,2370.1999999999994,153
ALNINC_SH1_P1,2019,Alnus incana,SH,1,P1,45.932675,-74.02507,cookie,0.4097866666666667,233.1935379803898,93,NA,119,NA,NA,NA,NA,274,267,2233.6111111111113,155
ALNINC_SH1_P1,2020,Alnus incana,SH,1,P1,45.932675,-74.02507,cookie,0.20320000000000002,154.76332753576267,85,NA,154,NA,NA,NA,NA,NA,248,NA,NA
ALNINC_SH1_P12,2018,Alnus incana,SH,1,P12,45.932675,-74.02507,cookie,0.2624666666666667,73.9711846285691,110,82,124,NA,58,151,180,263,NA,2220.3749999999995,139
ALNINC_SH1_P12,2019,Alnus incana,SH,1,P12,45.932675,-74.02507,cookie,0.52832,280.08627492598856,103,121,123,74,NA,142,211,263,245,2063.1638888888892,140
ALNINC_SH1_P12,2020,Alnus incana,SH,1,P12,45.932675,-74.02507,cookie,0.3589866666666667,291.06899063293383,NA,NA,143,100,NA,NA,284,275,293,2190.4166666666656,132
ALNINC_SH3_P16,2018,Alnus incana,SH,3,P16,45.932675,-74.02507,cookie,0.6265333333333334,195.42558931837868,NA,NA,142,NA,NA,NA,NA,274,297,2160.9722222222217,132
ALNINC_SH3_P16,2019,Alnus incana,SH,3,P16,45.932675,-74.02507,cookie,0.5401733333333334,365.39554610684337,97,128.5,119,NA,86,161,228,263,240,2077.855555555556,144
ALNINC_SH3_P16,2020,Alnus incana,SH,3,P16,45.932675,-74.02507,cookie,0.26161999999999996,242.87435327104043,NA,NA,157,NA,NA,NA,275,282,293,2070.0277777777765,125
ALNINC_SH4_P15,2018,Alnus incana,SH,4,P15,45.932675,-74.02507,cookie,0.5723466666666667,188.06008940221744,110,NA,124,NA,NA,NA,NA,274,297,2338.9111111111106,150
ALNINC_SH4_P15,2019,Alnus incana,SH,4,P15,45.932675,-74.02507,cookie,0.48852666666666666,323.7381108352798,97,100,115,NA,86,150,211,253,240,1983.4250000000002,138
ALNINC_SH4_P15,2020,Alnus incana,SH,4,P15,45.932675,-74.02507,cookie,0.31496,288.658414252374,NA,NA,154,NA,NA,NA,NA,275,275,2061.6666666666656,121
ALNINC_SH4_P2,2018,Alnus incana,SH,4,P2,45.932675,-74.02507,cookie,0.6680200000000001,673.0757591245374,107,82,124,NA,58,149,180,260,297,2180.041666666666,136
ALNINC_SH4_P2,2019,Alnus incana,SH,4,P2,45.932675,-74.02507,cookie,0.4758266666666667,657.5522687949064,NA,123.5,123,74,NA,147,186,NA,240,NA,NA
ALNINC_SH4_P2,2020,Alnus incana,SH,4,P2,45.932675,-74.02507,cookie,0.08551333333333333,134.49570398183488,98,NA,157,NA,NA,NA,275,282,293,2070.0277777777765,125
ALNINC_SH5_P2,2018,Alnus incana,SH,5,P2,45.932675,-74.02507,cookie,0.36406666666666665,82.35955804253514,114,NA,124,116,NA,NA,NA,253,NA,2069.791666666666,129
ALNINC_SH5_P2,2019,Alnus incana,SH,5,P2,45.932675,-74.02507,cookie,0.24214666666666668,101.5293153917517,97,123.5,129,NA,NA,147,218,260,245,1999.2111111111117,131
ALNINC_SH5_P2,2020,Alnus incana,SH,5,P2,45.932675,-74.02507,cookie,0.09567333333333333,49.55126218593034,91,NA,NA,NA,NA,NA,NA,282,293,NA,NA
ALNINC_SH5_P3,2018,Alnus incana,SH,5,P3,45.932675,-74.02507,cookie,0.7272866666666667,201.6148522730616,114,89,124,NA,NA,151,180,274,288,2338.9111111111106,150
ALNINC_SH5_P3,2019,Alnus incana,SH,5,P3,45.932675,-74.02507,cookie,0.5046133333333334,340.8965772974654,103,122,123,NA,NA,147,225,274,240,2218.9194444444447,151
ALNINC_SH5_P3,2020,Alnus incana,SH,5,P3,45.932675,-74.02507,cookie,0.13038666666666665,116.77918368266998,98,NA,139,NA,NA,NA,275,282,293,2284.972222222221,143
ALNINC_SH6_P5,2018,Alnus incana,SH,6,P5,45.932675,-74.02507,core,0.64008,539.8988458083003,107,82,124,NA,58,NA,166,288,NA,2475.563888888888,164
ALNINC_SH6_P5,2019,Alnus incana,SH,6,P5,45.932675,-74.02507,core,0.50292,607.7794065381174,97,121,112,74,NA,142,193,274,240,2267.730555555556,162
ALNINC_SH6_P5,2020,Alnus incana,SH,6,P5,45.932675,-74.02507,core,0.1651,238.8923080953063,85,NA,148,NA,NA,NA,NA,282,293,2195.472222222221,134
ALNINC_WM1_P1,2018,Alnus incana,WM,1,P1,44.112337,-71.230138,cookie,0.5757333333333333,197.36729237828027,114,NA,124,NA,NA,NA,NA,274,297,2338.9111111111106,150
ALNINC_WM1_P1,2019,Alnus incana,WM,1,P1,44.112337,-71.230138,cookie,0.4656666666666667,315.4477008672726,100,147,123,NA,NA,147,NA,249,245,1902.0638888888889,126
ALNINC_WM1_P1,2020,Alnus incana,WM,1,P1,44.112337,-71.230138,cookie,0.13970000000000002,123.76161274463352,108,NA,143,NA,NA,NA,NA,282,293,2249.36111111111,139
ALNINC_WM2A_P1,2018,Alnus incana,WM,2A,P1,44.112337,-71.230138,cookie,0.63246,216.57555949590824,107,NA,124,NA,NA,NA,NA,270,297,2300.7416666666663,146
ALNINC_WM2A_P1,2019,Alnus incana,WM,2A,P1,44.112337,-71.230138,cookie,0.5113866666666667,365.90900968566206,NA,100,112,74,NA,221,NA,253,245,2001.5055555555557,141
ALNINC_WM2A_P1,2020,Alnus incana,WM,2A,P1,44.112337,-71.230138,cookie,0.17187333333333332,163.49964008537563,98,NA,154,NA,NA,NA,291.5,NA,241,NA,NA
ALNINC_WM5_P1,2018,Alnus incana,WM,5,P1,44.112337,-71.230138,cookie,0.7298266666666666,253.2321297537655,114,NA,124,NA,NA,NA,NA,281,NA,2408.016666666666,157
ALNINC_WM5_P1,2019,Alnus incana,WM,5,P1,44.112337,-71.230138,cookie,0.5469466666666667,414.5664398784645,97,100,112,NA,86,155,NA,274,245,2267.730555555556,162
ALNINC_WM5_P1,2020,Alnus incana,WM,5,P1,44.112337,-71.230138,cookie,0.20150666666666667,201.16557164159508,85,NA,148,NA,NA,NA,NA,282,275,2195.472222222221,134
ALNINC_WM5A_P16,2018,Alnus incana,WM,5A,P16,44.112337,-71.230138,cookie,0.34120666666666666,55.02370296018334,NA,NA,142,NA,NA,NA,NA,288,288,2297.624999999999,146
ALNINC_WM5A_P16,2019,Alnus incana,WM,5A,P16,44.112337,-71.230138,cookie,0.44788666666666666,186.70819384798529,NA,122,112,NA,NA,147,228,274,240,2267.730555555556,162
ALNINC_WM5A_P16,2020,Alnus incana,WM,5A,P16,44.112337,-71.230138,cookie,0.26500666666666667,172.07583307159382,NA,NA,148,NA,NA,NA,NA,282,293,2195.472222222221,134
ALNINC_WM5B_P16,2018,Alnus incana,WM,5B,P16,44.112337,-71.230138,cookie,0.26331333333333334,21.97151190363963,NA,NA,142,NA,NA,NA,NA,263,304,2042.4361111111107,121
ALNINC_WM5B_P16,2019,Alnus incana,WM,5B,P16,44.112337,-71.230138,cookie,0.5300133333333333,176.6855199114368,97,103,123,NA,NA,161,228,274,240,2218.9194444444447,151
ALNINC_WM5B_P16,2020,Alnus incana,WM,5B,P16,44.112337,-71.230138,cookie,0.31157333333333337,186.45213766854806,NA,NA,143,NA,NA,NA,NA,282,241,2249.36111111111,139
ALNINC_WM5B_P2,2018,Alnus incana,WM,5B,P2,44.112337,-71.230138,cookie,0.6477,134.0903379985569,114,NA,128,NA,NA,NA,NA,253,274,2028.766666666666,125
ALNINC_WM5B_P2,2019,Alnus incana,WM,5B,P2,44.112337,-71.230138,cookie,0.5300133333333333,303.44886776224394,103,123.5,119,NA,86,147,245,274,240,2233.6111111111113,155
ALNINC_WM5B_P2,2020,Alnus incana,WM,5B,P2,44.112337,-71.230138,cookie,0.14139333333333334,111.38443805521199,85,NA,NA,NA,NA,NA,275,282,293,NA,NA
BETALL_GR12_P1,2018,Betula alleghaniensis,GR,12,P1,44.794942,-71.146683,cookie,0.30818666666666666,75.25078991578333,114,NA,124,NA,NA,NA,NA,268,288,2269.494444444444,144
BETALL_GR12_P1,2019,Betula alleghaniensis,GR,12,P1,44.794942,-71.146683,cookie,0.4953,246.4104958651689,107,165,115,NA,NA,NA,NA,260,240,2068.222222222223,145
BETALL_GR12_P1,2020,Betula alleghaniensis,GR,12,P1,44.794942,-71.146683,cookie,0.3666066666666667,285.732347463079,98,NA,143,NA,NA,NA,NA,263,248,2037.3333333333321,120
BETALL_GR12_P3,2018,Betula alleghaniensis,GR,12,P3,44.794942,-71.146683,cookie,0.4428066666666667,153.8992223814084,114,NA,124,NA,NA,NA,NA,281,297,2408.016666666666,157
BETALL_GR12_P3,2019,Betula alleghaniensis,GR,12,P3,44.794942,-71.146683,cookie,0.41148,254.91034492453642,NA,NA,123,NA,NA,NA,NA,260,240,2037.4916666666672,137
BETALL_GR12_P3,2020,Betula alleghaniensis,GR,12,P3,44.794942,-71.146683,cookie,0.11768666666666666,92.24846120460192,100,NA,135,NA,NA,NA,NA,248,268,1914.2499999999995,113
BETALL_GR13_P1,2018,Betula alleghaniensis,GR,13,P1,44.794942,-71.146683,cookie,0.36152666666666666,111.53036980919205,114,NA,128,NA,NA,NA,NA,268,277,2228.469444444444,140
BETALL_GR13_P1,2019,Betula alleghaniensis,GR,13,P1,44.794942,-71.146683,cookie,0.24638000000000002,123.22652964670654,107,NA,127,NA,NA,NA,NA,260,NA,2012.2666666666673,133
BETALL_GR13_P1,2020,Betula alleghaniensis,GR,13,P1,44.794942,-71.146683,cookie,0.31242,212.0368117031389,98,NA,130.5,NA,NA,NA,NA,282,275,2354.722222222221,152
BETALL_GR13_P15,2018,Betula alleghaniensis,GR,13,P15,44.794942,-71.146683,cookie,0.14308666666666667,60.02051431405681,103,NA,131,NA,NA,NA,NA,253,NA,1997.0888888888883,122
BETALL_GR13_P15,2019,Betula alleghaniensis,GR,13,P15,44.794942,-71.146683,cookie,0.153924,85.05186378147317,107,NA,119,NA,NA,NA,NA,249,232,1916.7555555555557,130
BETALL_GR13_P15,2020,Betula alleghaniensis,GR,13,P15,44.794942,-71.146683,cookie,0.038946666666666664,22.924797574315058,NA,NA,135,NA,NA,NA,NA,263,268,2112.2777777777765,128
BETALL_GR13_P2,2018,Betula alleghaniensis,GR,13,P2,44.794942,-71.146683,cookie,0.49360666666666664,227.4758507862536,114,NA,128,NA,NA,NA,NA,263,NA,2179.3499999999995,135
BETALL_GR13_P2,2019,Betula alleghaniensis,GR,13,P2,44.794942,-71.146683,cookie,0.50927,460.22281057506535,107,NA,123,NA,NA,NA,NA,260,240,2037.4916666666672,137
BETALL_GR13_P2,2020,Betula alleghaniensis,GR,13,P2,44.794942,-71.146683,cookie,0.233045,309.3658598981584,108,NA,143,NA,NA,NA,NA,255,268,1953.027777777777,112
BETALL_GR14_P15,2018,Betula alleghaniensis,GR,14,P15,44.794942,-71.146683,cookie,0.12192,15.55254155843253,NA,NA,135,NA,NA,NA,NA,225,263,1465.1138888888886,90
BETALL_GR14_P15,2019,Betula alleghaniensis,GR,14,P15,44.794942,-71.146683,cookie,0.07789333333333334,14.866121826748453,107,NA,119,NA,NA,NA,NA,249,232,1916.7555555555557,130
BETALL_GR14_P15,2020,Betula alleghaniensis,GR,14,P15,44.794942,-71.146683,cookie,0.37422666666666665,126.48364532234525,NA,NA,143,NA,NA,NA,NA,263,275,2037.3333333333321,120
BETALL_GR9_P3,2018,Betula alleghaniensis,GR,9,P3,44.794942,-71.146683,cookie,0.37338,86.56252767915586,114,NA,128,NA,NA,NA,NA,263,297,2179.3499999999995,135
BETALL_GR9_P3,2019,Betula alleghaniensis,GR,9,P3,44.794942,-71.146683,cookie,0.5909733333333334,318.74197509137855,NA,NA,127,NA,NA,NA,NA,249,240,1876.838888888889,122
BETALL_GR9_P3,2020,Betula alleghaniensis,GR,9,P3,44.794942,-71.146683,cookie,0.3852333333333333,330.27261048572115,108,NA,143,NA,NA,NA,NA,248,275,1839.3055555555552,105
BETALL_SH2_P6,2018,Betula alleghaniensis,SH,2,P6,45.932675,-74.02507,cookie,0.49868666666666667,78.71464224289382,110,NA,124,NA,NA,NA,NA,263,NA,2220.3749999999995,139
BETALL_SH2_P6,2019,Betula alleghaniensis,SH,2,P6,45.932675,-74.02507,cookie,0.3852333333333333,171.51102313489318,100,NA,115,NA,NA,NA,NA,249,240,1932.7944444444447,134
BETALL_SH2_P6,2020,Betula alleghaniensis,SH,2,P6,45.932675,-74.02507,cookie,0.2243666666666667,142.8205700584207,98,NA,148,NA,NA,NA,NA,255,275,1899.138888888888,107
BETALL_SH4_P3,2018,Betula alleghaniensis,SH,4,P3,45.932675,-74.02507,cookie,0.40978666666666663,175.77614888894982,103,NA,131,NA,NA,NA,NA,263,268,2147.6722222222215,132
BETALL_SH4_P3,2019,Betula alleghaniensis,SH,4,P3,45.932675,-74.02507,cookie,0.23791333333333334,149.67801127554023,107,NA,135,NA,NA,NA,NA,263,240,1991.202777777778,128
BETALL_SH4_P3,2020,Betula alleghaniensis,SH,4,P3,45.932675,-74.02507,cookie,0.22267333333333333,173.44867253496204,108,NA,135,NA,NA,NA,NA,248,275,1914.2499999999995,113
BETALL_SH4A_P9,2018,Betula alleghaniensis,SH,4A,P9,45.932675,-74.02507,core,0.22225,15.834608721796803,103,NA,124,NA,NA,NA,NA,239,274,1821.5999999999995,115
BETALL_SH4A_P9,2019,Betula alleghaniensis,SH,4A,P9,45.932675,-74.02507,core,0.16764,33.68591321040165,107,NA,119,NA,NA,NA,NA,263,232,2077.855555555556,144
BETALL_SH4A_P9,2020,Betula alleghaniensis,SH,4A,P9,45.932675,-74.02507,core,0.21844000000000002,68.27173890368047,NA,NA,143,NA,NA,NA,NA,282,293,2249.36111111111,139
BETALL_SH5_P6,2018,Betula alleghaniensis,SH,5,P6,45.932675,-74.02507,cookie,0.2937933333333333,51.67132627847429,110,NA,131,NA,NA,NA,NA,263,274,2147.6722222222215,132
BETALL_SH5_P6,2019,Betula alleghaniensis,SH,5,P6,45.932675,-74.02507,cookie,0.2794,99.78489044371203,107,NA,119,NA,NA,NA,NA,263,240,2077.855555555556,144
BETALL_SH5_P6,2020,Betula alleghaniensis,SH,5,P6,45.932675,-74.02507,cookie,0.25992666666666664,137.44947077998722,108,NA,143,NA,NA,NA,NA,268,275,2082.86111111111,125
BETALL_SH9_P6,2018,Betula alleghaniensis,SH,9,P6,45.932675,-74.02507,cookie,0.4715933333333333,217.7376086479718,114,NA,131,NA,NA,NA,NA,239,NA,1748.8972222222217,108
BETALL_SH9_P6,2019,Betula alleghaniensis,SH,9,P6,45.932675,-74.02507,cookie,0.37761333333333336,276.0164004538775,112,NA,127,NA,NA,NA,NA,249,240,1876.838888888889,122
BETALL_SH9_P6,2020,Betula alleghaniensis,SH,9,P6,45.932675,-74.02507,cookie,0.42418,417.022282127157,108,NA,148,NA,NA,NA,NA,263,275,1983.4444444444432,115
BETALL_SH9_P9,2018,Betula alleghaniensis,SH,9,P9,45.932675,-74.02507,cookie,0.14901333333333333,18.82384504348598,110,NA,128,NA,NA,NA,NA,239,NA,1780.5749999999994,111
BETALL_SH9_P9,2019,Betula alleghaniensis,SH,9,P9,45.932675,-74.02507,cookie,0.37592000000000003,119.28164301943951,112,NA,119,NA,NA,NA,NA,263,245,2077.855555555556,144
BETALL_SH9_P9,2020,Betula alleghaniensis,SH,9,P9,45.932675,-74.02507,cookie,0.45212,303.8704483848531,NA,NA,154,NA,NA,NA,NA,268,275,1954.11111111111,114
BETALL_WM8_P1,2018,Betula alleghaniensis,WM,8,P1,44.112337,-71.230138,cookie,0.5139266666666666,180.547982122104,114,NA,138,NA,NA,NA,NA,277,297,2232.783333333333,139
BETALL_WM8_P1,2019,Betula alleghaniensis,WM,8,P1,44.112337,-71.230138,cookie,0.36576,230.2005858038539,112,NA,135,NA,NA,NA,NA,260,267,1965.530555555556,125
BETALL_WM8_P1,2020,Betula alleghaniensis,WM,8,P1,44.112337,-71.230138,cookie,0.40978666666666663,363.36871619045337,108,NA,143,NA,NA,NA,NA,268,275,2082.86111111111,125
BETALL_WM8_P9,2018,Betula alleghaniensis,WM,8,P9,44.112337,-71.230138,core,0.45339000000000007,190.26156449640308,103,NA,131,NA,NA,NA,NA,239,268,1748.8972222222217,108
BETALL_WM8_P9,2019,Betula alleghaniensis,WM,8,P9,44.112337,-71.230138,core,0.51054,369.85592314284554,107,NA,119,NA,NA,NA,NA,260,232,2052.183333333334,141
BETALL_WM8_P9,2020,Betula alleghaniensis,WM,8,P9,44.112337,-71.230138,core,0.23368,224.13090581423793,NA,NA,NA,NA,NA,NA,NA,268,293,NA,NA
BETALL_WM8A_P12,2018,Betula alleghaniensis,WM,8A,P12,44.112337,-71.230138,cookie,0.309245,105.7789021164494,110,NA,142,NA,NA,NA,NA,268,288,2091.555555555555,126
BETALL_WM8A_P12,2019,Betula alleghaniensis,WM,8A,P12,44.112337,-71.230138,cookie,0.34967333333333334,195.21006973726924,107,NA,115,NA,NA,NA,NA,260,240,2068.222222222223,145
BETALL_WM8A_P12,2020,Betula alleghaniensis,WM,8A,P12,44.112337,-71.230138,cookie,0.08382,59.14222135028774,NA,NA,135,NA,NA,NA,NA,248,268,1914.2499999999995,113
BETALL_WM8A_P5,2018,Betula alleghaniensis,WM,8A,P5,44.112337,-71.230138,cookie,0.635,363.8835309892164,103,NA,131,NA,NA,NA,NA,256,281,2041.5138888888885,125
BETALL_WM8A_P5,2019,Betula alleghaniensis,WM,8A,P5,44.112337,-71.230138,cookie,0.5249333333333334,493.12906987762915,107,NA,123,NA,NA,NA,NA,249,240,1902.0638888888889,126
BETALL_WM8A_P5,2020,Betula alleghaniensis,WM,8A,P5,44.112337,-71.230138,cookie,0.5427133333333334,692.1239066787705,108,NA,135,NA,NA,NA,NA,263,275,2112.2777777777765,128
BETALL_WM8B_P12,2018,Betula alleghaniensis,WM,8B,P12,44.112337,-71.230138,cookie,0.6917266666666667,246.41995440477874,96,NA,138,NA,NA,NA,NA,268,NA,2132.0777777777776,130
BETALL_WM8B_P12,2019,Betula alleghaniensis,WM,8B,P12,44.112337,-71.230138,cookie,0.5461,420.51518568306915,103,NA,127,NA,NA,NA,NA,274,240,2193.694444444445,147
BETALL_WM8B_P12,2020,Betula alleghaniensis,WM,8B,P12,44.112337,-71.230138,cookie,0.22944666666666666,228.22712907526213,NA,NA,143,NA,NA,NA,NA,282,275,2249.36111111111,139
BETALL_WM8B_P5,2018,Betula alleghaniensis,WM,8B,P5,44.112337,-71.230138,cookie,0.06180666666666667,53.33332680991414,110,NA,128,116,NA,NA,NA,268,288,2228.469444444444,140
BETALL_WM8B_P5,2019,Betula alleghaniensis,WM,8B,P5,44.112337,-71.230138,cookie,0.4377266666666667,441.78609004560997,100,NA,127,NA,NA,NA,NA,260,232,2012.2666666666673,133
BETALL_WM8B_P5,2020,Betula alleghaniensis,WM,8B,P5,44.112337,-71.230138,cookie,0.23198666666666667,280.894304452656,98,NA,143,NA,NA,NA,NA,282,229,2249.36111111111,139
BETALL_WM9_P5,2018,Betula alleghaniensis,WM,9,P5,44.112337,-71.230138,cookie,0.5452533333333334,349.95515580378435,114,NA,131,NA,NA,NA,NA,268,NA,2196.791666666666,137
BETALL_WM9_P5,2019,Betula alleghaniensis,WM,9,P5,44.112337,-71.230138,cookie,0.44196,356.4464164160093,107,NA,127,NA,NA,NA,NA,260,240,2012.2666666666673,133
BETALL_WM9_P5,2020,Betula alleghaniensis,WM,9,P5,44.112337,-71.230138,cookie,0.33782,394.5724383632494,NA,NA,143,NA,NA,NA,NA,268,275,2082.86111111111,125
BETPAP_GR5A_P2,2019,Betula papyrifera,GR,5A,P2,44.794942,-71.146683,cookie,0.30818666666666666,30.00924374207021,112,NA,127,NA,NA,NA,NA,263,245,2037.9388888888893,136
BETPAP_GR5A_P2,2020,Betula papyrifera,GR,5A,P2,44.794942,-71.146683,cookie,0.42756666666666665,142.385477236369,111,NA,135,NA,NA,NA,NA,263,293,2112.2777777777765,128
BETPAP_GR5B_P2,2019,Betula papyrifera,GR,5B,P2,44.794942,-71.146683,cookie,0.31072666666666665,30.389612156379396,100,NA,155,NA,NA,NA,NA,NA,240,NA,NA
BETPAP_GR8_P6,2018,Betula papyrifera,GR,8,P6,44.794942,-71.146683,cookie,0.08805333333333333,2.5173227561563687,110,NA,131,NA,NA,NA,NA,246,268,1884.4222222222218,115
BETPAP_GR8_P6,2019,Betula papyrifera,GR,8,P6,44.794942,-71.146683,cookie,0.09821333333333333,8.385670974077524,NA,NA,135,NA,NA,NA,NA,263,232,1991.202777777778,128
BETPAP_GR8_P6,2020,Betula papyrifera,GR,8,P6,44.794942,-71.146683,cookie,0.08636,12.447438126523064,108,NA,130.5,NA,NA,NA,NA,268,275,2188.222222222221,138
BETPAP_HF16_P12,2018,Betula papyrifera,HF,16,P12,42.531705,-72.18992,cookie,0.36576,44.95508754552999,110,NA,124,NA,NA,NA,NA,274,274,2338.9111111111106,150
BETPAP_HF16_P12,2019,Betula papyrifera,HF,16,P12,42.531705,-72.18992,cookie,0.36702999999999997,127.93857139732718,103,NA,119,NA,NA,NA,NA,NA,232,NA,NA
BETPAP_HF16_P12,2020,Betula papyrifera,HF,16,P12,42.531705,-72.18992,cookie,0.6417733333333334,368.22905432995657,NA,NA,148,NA,NA,NA,NA,293,301,2283.0277777777765,145
BETPAP_HF16_P3,2018,Betula papyrifera,HF,16,P3,42.531705,-72.18992,cookie,0.6231466666666666,196.89977027756632,110,NA,124,NA,NA,NA,NA,270,274,2300.7416666666663,146
BETPAP_HF16_P3,2019,Betula papyrifera,HF,16,P3,42.531705,-72.18992,cookie,0.51308,346.0987740828663,103,NA,119,NA,NA,NA,NA,274,232,2233.6111111111113,155
BETPAP_HF16_P3,2020,Betula papyrifera,HF,16,P3,42.531705,-72.18992,cookie,0.06519333333333333,55.76146904974926,98,NA,135.5,NA,NA,NA,NA,282,293,2310.638888888888,146
BETPAP_HF16A_P6,2018,Betula papyrifera,HF,16,P6,42.531705,-72.18992,cookie,0.4174066666666667,145.11223908388567,100,NA,124,NA,NA,NA,NA,274,NA,2338.9111111111106,150
BETPAP_HF16A_P6,2019,Betula papyrifera,HF,16,P6,42.531705,-72.18992,cookie,0.39031333333333335,234.98187757661788,100,NA,115,NA,NA,NA,NA,274,232,2249.6500000000005,159
BETPAP_HF16A_P6,2020,Betula papyrifera,HF,16,P6,42.531705,-72.18992,cookie,0.36745333333333335,309.0753476101425,85,NA,132.5,NA,NA,NA,311,293,301,2429.416666666665,161
BETPAP_HF16B_P6,2018,Betula papyrifera,HF,16,P6,42.531705,-72.18992,cookie,0.3310466666666667,76.26623170389472,103,NA,124,NA,NA,NA,NA,274,274,2338.9111111111106,150
BETPAP_HF16B_P6,2019,Betula papyrifera,HF,16,P6,42.531705,-72.18992,cookie,0.47836666666666666,232.8091159062478,NA,NA,115,NA,NA,NA,NA,267,240,2162.719444444445,152
BETPAP_HF16B_P6,2020,Betula papyrifera,HF,16,P6,42.531705,-72.18992,cookie,0.36068,273.4639459791704,98,NA,143,NA,NA,NA,NA,282,293,2249.36111111111,139
BETPAP_SH1A_P1,2018,Betula papyrifera,SH,1A,P1,45.932675,-74.02507,cookie,0.5782733333333333,300.48091315467684,103,NA,128,NA,NA,NA,NA,263,NA,2179.3499999999995,135
BETPAP_SH1A_P1,2019,Betula papyrifera,SH,1A,P1,45.932675,-74.02507,cookie,0.42418,362.70594280779375,NA,NA,129,NA,NA,NA,NA,274,232,2180.638888888889,145
BETPAP_SH1A_P1,2020,Betula papyrifera,SH,1A,P1,45.932675,-74.02507,cookie,0.5621866666666667,662.1815483239412,119,NA,133,NA,NA,NA,NA,275,293,2278.9166666666656,142
BETPOP_GR3_P16,2019,Betula populifolia,GR,3,P16,44.794942,-71.146683,cookie,0.16764,8.838329655404621,NA,NA,150,NA,NA,NA,NA,NA,NA,NA,NA
BETPOP_GR3_P16,2020,Betula populifolia,GR,3,P16,44.794942,-71.146683,cookie,0.5223933333333333,140.82616942069293,NA,NA,135,NA,NA,NA,NA,282,293,2324.3055555555543,147
BETPOP_GR3_P6,2018,Betula populifolia,GR,3,P6,44.794942,-71.146683,cookie,0.5520266666666667,298.3980076106,103,NA,124,NA,NA,NA,NA,268,268,2269.494444444444,144
BETPOP_GR3_P6,2019,Betula populifolia,GR,3,P6,44.794942,-71.146683,cookie,0.3175,298.0081806566811,100,NA,112,100,NA,140,179,NA,240,NA,NA
BETPOP_GR3_P6,2020,Betula populifolia,GR,3,P6,44.794942,-71.146683,cookie,0.18965333333333334,180.46082843569928,91,NA,130.5,NA,NA,NA,311,282,268,2354.722222222221,152
BETPOP_GR5_P1,2018,Betula populifolia,GR,5,P1,44.794942,-71.146683,cookie,0.1143,4.1421647391290115,114,NA,124,NA,NA,NA,NA,239,288,1821.5999999999995,115
BETPOP_GR5_P1,2019,Betula populifolia,GR,5,P1,44.794942,-71.146683,cookie,0.57912,149.59220880907966,103,NA,119,NA,NA,225,NA,NA,240,NA,NA
BETPOP_GR5_P1,2020,Betula populifolia,GR,5,P1,44.794942,-71.146683,cookie,1.15062,966.7958432881094,108,NA,143,NA,NA,NA,NA,282,275,2249.36111111111,139
BETPOP_GR5_P6,2018,Betula populifolia,GR,5,P6,44.794942,-71.146683,cookie,0.6138333333333333,311.11501411600295,110,NA,124,NA,NA,NA,NA,268,NA,2269.494444444444,144
BETPOP_GR5_P6,2019,Betula populifolia,GR,5,P6,44.794942,-71.146683,cookie,0.41994666666666663,347.7769892536372,112,129,127,100,NA,NA,NA,263,240,2037.9388888888893,136
BETPOP_GR5_P6,2020,Betula populifolia,GR,5,P6,44.794942,-71.146683,cookie,0.15070666666666666,153.8782784722723,100,NA,133,NA,NA,NA,NA,282,275,2337.86111111111,149
BETPOP_GR5A_P12,2018,Betula populifolia,GR,5A,P12,44.794942,-71.146683,cookie,0.48344666666666664,131.52707376429566,110,NA,124,NA,NA,NA,NA,268,274,2269.494444444444,144
BETPOP_GR5A_P12,2019,Betula populifolia,GR,5A,P12,44.794942,-71.146683,cookie,0.33528,178.1421350113491,NA,NA,127,NA,NA,NA,NA,274,245,2193.694444444445,147
BETPOP_GR5A_P12,2020,Betula populifolia,GR,5A,P12,44.794942,-71.146683,cookie,0.4512733333333333,350.057172909576,NA,NA,148,NA,NA,NA,NA,282,293,2195.472222222221,134
BETPOP_GR5A_P3,2018,Betula populifolia,GR,5A,P3,44.794942,-71.146683,cookie,0.7399866666666667,477.1738647758071,103,NA,124,NA,NA,NA,NA,263,274,2220.3749999999995,139
BETPOP_GR5A_P3,2019,Betula populifolia,GR,5A,P3,44.794942,-71.146683,cookie,0.47413333333333335,486.6148385263517,112,147,129,NA,NA,147,186,267,240,2093.7083333333335,138
BETPOP_GR5A_P3,2020,Betula populifolia,GR,5A,P3,44.794942,-71.146683,cookie,0.0381,45.15033882747566,111,143,135,98,NA,NA,298,NA,282,NA,NA
BETPOP_GR5B_P12,2018,Betula populifolia,GR,5B,P12,44.794942,-71.146683,cookie,0.6011333333333333,252.10115866041986,110,NA,124,NA,NA,NA,NA,268,274,2269.494444444444,144
BETPOP_GR5B_P12,2019,Betula populifolia,GR,5B,P12,44.794942,-71.146683,cookie,0.42333333333333334,318.09203829818944,107,142,119,NA,NA,147,NA,274,240,2233.6111111111113,155
BETPOP_GR5B_P12,2020,Betula populifolia,GR,5B,P12,44.794942,-71.146683,cookie,0.50292,524.4908847839033,NA,NA,135,NA,NA,NA,306,282,268,2324.3055555555543,147
BETPOP_GR5B_P3,2018,Betula populifolia,GR,5B,P3,44.794942,-71.146683,cookie,1.14046,775.492826019668,114,NA,124,NA,NA,NA,NA,260,NA,2180.041666666666,136
BETPOP_GR5B_P3,2019,Betula populifolia,GR,5B,P3,44.794942,-71.146683,cookie,0.6223000000000001,782.0165159105552,112,NA,132,NA,NA,NA,NA,260,240,1975.7638888888896,128
BETPOP_GR5B_P3,2020,Betula populifolia,GR,5B,P3,44.794942,-71.146683,cookie,0.18288000000000001,269.12788117804,108,143,143,NA,NA,NA,NA,282,275,2249.36111111111,139
BETPOP_GR5C_P12,2018,Betula populifolia,GR,5C,P12,44.794942,-71.146683,cookie,0.36322,87.66242071378348,114,NA,124,NA,NA,NA,NA,253,NA,2069.791666666666,129
BETPOP_GR5C_P12,2019,Betula populifolia,GR,5C,P12,44.794942,-71.146683,cookie,0.27686,124.13319822930497,107,NA,127,NA,NA,NA,NA,240,232,1743.7777777777778,113
BETPOP_GR5C_P12,2020,Betula populifolia,GR,5C,P12,44.794942,-71.146683,cookie,0.41317333333333334,294.9118601544093,NA,NA,135,NA,NA,NA,220,282,255,2324.3055555555543,147
BETPOP_HF1_P2,2018,Betula populifolia,HF,1,P2,42.531705,-72.18992,cookie,0.508,311.6913094222299,107,NA,124,NA,128,166,197,268,NA,2269.494444444444,144
BETPOP_HF1_P2,2019,Betula populifolia,HF,1,P2,42.531705,-72.18992,cookie,0.4072466666666667,369.08505216464516,103,155,119,NA,NA,168,NA,267,232,2146.6805555555557,148
BETPOP_HF1_P2,2020,Betula populifolia,HF,1,P2,42.531705,-72.18992,cookie,0.17949333333333334,194.40271582057392,100,NA,130.5,NA,NA,NA,265.5,282,275,2354.722222222221,152
BETPOP_HF1_P3,2018,Betula populifolia,HF,1,P3,42.531705,-72.18992,cookie,0.6900333333333333,319.9722608506272,114,NA,124,NA,NA,NA,NA,270,288,2300.7416666666663,146
BETPOP_HF1_P3,2019,Betula populifolia,HF,1,P3,42.531705,-72.18992,cookie,0.60198,538.2050916081703,112,161,119,NA,NA,168,NA,274,240,2233.6111111111113,155
BETPOP_HF1_P3,2020,Betula populifolia,HF,1,P3,42.531705,-72.18992,cookie,0.28786666666666666,326.9033435547089,108,NA,130.5,NA,NA,NA,NA,282,268,2354.722222222221,152
BETPOP_HF3_P1,2018,Betula populifolia,HF,3,P1,42.531705,-72.18992,cookie,0.49022000000000004,278.86815014623824,114,128,124,NA,128,163,211,260,NA,2180.041666666666,136
BETPOP_HF3_P1,2019,Betula populifolia,HF,3,P1,42.531705,-72.18992,cookie,0.5469466666666667,494.42218736428583,112,NA,127,107,NA,147,NA,NA,245,NA,NA
BETPOP_HF3_P1,2020,Betula populifolia,HF,3,P1,42.531705,-72.18992,cookie,0.2700866666666667,313.0418537565177,108,135,130.5,NA,NA,NA,214,282,275,2354.722222222221,152
BETPOP_HF3A_P6,2018,Betula populifolia,HF,3A,P6,42.531705,-72.18992,cookie,0.4504266666666667,64.27888396839217,107,NA,124,NA,NA,NA,NA,263,274,2220.3749999999995,139
BETPOP_HF3A_P6,2019,Betula populifolia,HF,3A,P6,42.531705,-72.18992,cookie,0.29633333333333334,111.54455761860675,NA,NA,117,NA,NA,NA,206,274,240,2242.969444444445,157
BETPOP_HF3A_P6,2020,Betula populifolia,HF,3A,P6,42.531705,-72.18992,cookie,0.25654,141.41395009644606,100,133,135,NA,NA,NA,277.3333333333333,282,293,2324.3055555555543,147
BETPOP_HF3B_P6,2018,Betula populifolia,HF,3B,P6,42.531705,-72.18992,cookie,0.5410200000000001,432.64373590274687,110,131,124,NA,128,151,180,263,NA,2220.3749999999995,139
BETPOP_HF3B_P6,2019,Betula populifolia,HF,3B,P6,42.531705,-72.18992,cookie,0.4064,447.7442943898244,NA,147,119,103,NA,168,225,260,240,2052.183333333334,141
BETPOP_HF3B_P6,2020,Betula populifolia,HF,3B,P6,42.531705,-72.18992,cookie,0.17356666666666667,222.3493223177312,108,NA,130.5,NA,NA,NA,270.5,282,268,2354.722222222221,152
BETPOP_HF4_P9,2018,Betula populifolia,HF,4,P9,42.531705,-72.18992,cookie,0.4123266666666667,283.398790619342,114,128,124,NA,128,151,180,297,NA,2513.5611111111098,173
BETPOP_HF4_P9,2019,Betula populifolia,HF,4,P9,42.531705,-72.18992,cookie,0.2726266666666667,248.15694764312497,107,147,134.5,NA,112,168,NA,260,245,1971.194444444445,126
BETPOP_HF4_P9,2020,Betula populifolia,HF,4,P9,42.531705,-72.18992,cookie,0.2683933333333334,290.3346025932285,NA,NA,133,NA,NA,NA,311,282,275,2337.86111111111,149
BETPOP_HF5_P6,2018,Betula populifolia,HF,5,P6,42.531705,-72.18992,core,0.93345,875.7273348998324,110,NA,124,NA,NA,NA,NA,270,NA,2300.7416666666663,146
BETPOP_HF5_P6,2019,Betula populifolia,HF,5,P6,42.531705,-72.18992,core,0.64897,868.246305678437,103,147,119,103,NA,147,214,NA,240,NA,NA
BETPOP_HF5_P6,2020,Betula populifolia,HF,5,P6,42.531705,-72.18992,core,0.21717,356.5832274353656,100,NA,130.5,NA,NA,NA,284.3333333333333,282,275,2354.722222222221,152
BETPOP_WM7_P1,2018,Betula populifolia,WM,7,P1,44.112337,-71.230138,cookie,0.8407399999999999,522.5012134159806,103,NA,124,NA,NA,NA,NA,268,274,2269.494444444444,144
BETPOP_WM7_P1,2019,Betula populifolia,WM,7,P1,44.112337,-71.230138,cookie,0.6366933333333333,689.8707474217169,97,142,112,112,NA,147,225,NA,245,NA,NA
BETPOP_WM7_P1,2020,Betula populifolia,WM,7,P1,44.112337,-71.230138,cookie,0.36660666666666664,505.2191103288953,85,NA,133,NA,NA,NA,265.5,282,268,2337.86111111111,149
BETPOP_WM7_P15,2018,Betula populifolia,WM,7,P15,44.112337,-71.230138,cookie,0.6747933333333335,186.10284731295684,103,NA,124,NA,NA,NA,NA,268,274,2269.494444444444,144
BETPOP_WM7_P15,2019,Betula populifolia,WM,7,P15,44.112337,-71.230138,cookie,0.8119533333333334,603.4528002765969,NA,142,119,NA,NA,147,214,274,240,2233.6111111111113,155
BETPOP_WM7_P15,2020,Betula populifolia,WM,7,P15,44.112337,-71.230138,cookie,0.41486666666666666,474.7822054744668,NA,NA,133,NA,NA,NA,276,282,275,2337.86111111111,149
BETPOP_WM7_P2,2018,Betula populifolia,WM,7,P2,44.112337,-71.230138,cookie,1.34366,1457.7832295540866,110,NA,124,NA,NA,NA,NA,274,NA,2338.9111111111106,150
BETPOP_WM7_P2,2019,Betula populifolia,WM,7,P2,44.112337,-71.230138,cookie,0.7018866666666667,1218.0038455653732,103,142,119,NA,119,142,225,267,245,2146.6805555555557,148
BETPOP_WM7_P2,2020,Betula populifolia,WM,7,P2,44.112337,-71.230138,cookie,0.37338,785.9255952092993,100,NA,131.5,NA,NA,NA,311,282,293,2341.86111111111,150
BETPOP_WM7_P3,2018,Betula populifolia,WM,7,P3,44.112337,-71.230138,cookie,1.3546666666666667,1508.6978726637751,110,NA,124,NA,NA,NA,NA,268,NA,2269.494444444444,144
BETPOP_WM7_P3,2019,Betula populifolia,WM,7,P3,44.112337,-71.230138,cookie,0.91694,1685.87456102495,103,147,119,107,NA,147,NA,274,245,2233.6111111111113,155
BETPOP_WM7_P3,2020,Betula populifolia,WM,7,P3,44.112337,-71.230138,cookie,0.38861999999999997,857.1605594507417,100,NA,130.5,NA,NA,NA,265.5,282,301,2354.722222222221,152
BETPOP_WM7_P6,2018,Betula populifolia,WM,7,P6,44.112337,-71.230138,cookie,0.6062133333333334,335.9673269408049,110,NA,124,NA,NA,NA,NA,268,281,2269.494444444444,144
BETPOP_WM7_P6,2019,Betula populifolia,WM,7,P6,44.112337,-71.230138,cookie,0.47074666666666665,418.1093385723142,100,150,112,NA,NA,147,NA,274,245,2267.730555555556,162
BETPOP_WM7_P6,2020,Betula populifolia,WM,7,P6,44.112337,-71.230138,cookie,0.33951333333333333,392.09632781539307,100,NA,131.5,NA,NA,NA,311,282,293,2341.86111111111,150
BETPOP_WM7_P9,2018,Betula populifolia,WM,7,P9,44.112337,-71.230138,cookie,0.7035800000000001,362.89241116010174,103,NA,124,NA,NA,NA,NA,268,NA,2269.494444444444,144
BETPOP_WM7_P9,2019,Betula populifolia,WM,7,P9,44.112337,-71.230138,cookie,0.63246,596.1859394163666,NA,142,112,112,NA,142,221,260,240,2086.3027777777784,148
BETPOP_WM7_P9,2020,Betula populifolia,WM,7,P9,44.112337,-71.230138,cookie,0.8068733333333333,1128.0436753363756,NA,NA,135,NA,NA,NA,256.5,282,293,2324.3055555555543,147
BETPOP_WM8_P15,2018,Betula populifolia,WM,8,P15,44.112337,-71.230138,cookie,0.38354,232.1159400748424,103,NA,124,NA,NA,NA,NA,268,NA,2269.494444444444,144
BETPOP_WM8_P15,2019,Betula populifolia,WM,8,P15,44.112337,-71.230138,cookie,0.5909733333333334,536.6626740417976,100,NA,119,NA,NA,218,NA,263,240,2077.855555555556,144
BETPOP_WM8_P15,2020,Betula populifolia,WM,8,P15,44.112337,-71.230138,cookie,0.07535333333333334,86.21256171359238,NA,NA,133,NA,NA,NA,NA,282,293,2337.86111111111,149
BETPOP_WM8_P16,2018,Betula populifolia,WM,8,P16,44.112337,-71.230138,cookie,0.3234266666666667,97.78373370626299,NA,NA,142,NA,NA,NA,NA,268,263,2091.555555555555,126
BETPOP_WM8_P16,2019,Betula populifolia,WM,8,P16,44.112337,-71.230138,cookie,0.2810933333333333,138.1298100219221,97,150,115,NA,NA,168,NA,274,240,2249.6500000000005,159
BETPOP_WM8_P16,2020,Betula populifolia,WM,8,P16,44.112337,-71.230138,cookie,0.46227999999999997,337.8157958245525,NA,NA,133,NA,NA,NA,276,282,275,2337.86111111111,149
BETPOP_WM9_P15,2018,Betula populifolia,WM,9,P15,44.112337,-71.230138,cookie,0.31242000000000003,60.123207029820556,103,NA,124,NA,NA,NA,NA,263,NA,2220.3749999999995,139
BETPOP_WM9_P15,2019,Betula populifolia,WM,9,P15,44.112337,-71.230138,cookie,0.3107266666666667,121.1848363109297,107,NA,115,NA,NA,NA,NA,267,240,2162.719444444445,152
BETPOP_WM9_P15,2020,Betula populifolia,WM,9,P15,44.112337,-71.230138,cookie,0.2802466666666667,161.1309515230879,NA,NA,133,NA,NA,NA,NA,282,275,2337.86111111111,149
