"date","maxT","meanT","minT","year","doy","GDD_10"
2018-01-01,-10.5111111111111,-15.2941550925926,-19.0111111111111,"2018",1,0
2018-01-02,-7.86666666666667,-12.5222222222222,-18.7444444444444,"2018",2,0
2018-01-03,-1.61111111111111,-6.73506944444444,-10.6888888888889,"2018",3,0
2018-01-04,-1.67222222222222,-3.87546296296296,-6.92777777777778,"2018",4,0
2018-01-05,-5.13888888888889,-10.5143518518519,-14.8666666666667,"2018",5,0
2018-01-06,-11.2888888888889,-14.1174768518519,-17.5555555555556,"2018",6,0
2018-01-07,-9.13333333333333,-14.5495949074074,-20.3555555555556,"2018",7,0
2018-01-08,1.80555555555556,-2.19537037037037,-8.76111111111111,"2018",8,0
2018-01-09,5.51111111111111,1.42141203703704,-1.81111111111111,"2018",9,0
2018-01-10,3.03333333333333,-1.53472222222222,-7.86666666666667,"2018",10,0
2018-01-11,11.3444444444444,6.9443287037037,0.877777777777777,"2018",11,0.672222222222222
2018-01-12,16.6555555555556,12.9146990740741,8.04444444444444,"2018",12,4
2018-01-13,16.2222222222222,5.6984375,-7.28333333333333,"2018",13,7.11111111111111
2018-01-14,-5.60555555555556,-8.45133101851852,-10.65,"2018",14,7.11111111111111
2018-01-15,-6.54444444444445,-9.14681712962963,-11.5388888888889,"2018",15,7.11111111111111
2018-01-16,0.633333333333334,-2.52447916666667,-6.64444444444444,"2018",16,7.11111111111111
2018-01-17,1.26111111111111,0.149421296296296,-0.650000000000001,"2018",17,7.11111111111111
2018-01-18,-0.561111111111112,-3.49930555555556,-7.31666666666667,"2018",18,7.11111111111111
2018-01-19,1.20555555555556,-2.56319444444444,-6.70555555555556,"2018",19,7.11111111111111
2018-01-20,8.32222222222222,3.853125,-1.81111111111111,"2018",20,7.11111111111111
2018-01-21,9.41111111111111,3.49450231481482,-0.622222222222223,"2018",21,7.11111111111111
2018-01-22,3.75,2.72262731481481,1.17777777777778,"2018",22,7.11111111111111
2018-01-23,13.2111111111111,3.7537037037037,0.494444444444445,"2018",23,8.71666666666667
2018-01-24,4.24444444444444,1.34166666666667,-4.01666666666667,"2018",24,8.71666666666667
2018-01-25,-1.52777777777778,-4.77627314814815,-6.9,"2018",25,8.71666666666667
2018-01-26,1.20555555555556,-4.35798611111111,-8.42777777777778,"2018",26,8.71666666666667
2018-01-27,11.8055555555556,5.17766203703704,-4.37777777777778,"2018",27,9.61944444444445
2018-01-28,11.4666666666667,7.9962962962963,2.50555555555555,"2018",28,10.3527777777778
2018-01-29,4.73888888888889,1.75052083333333,-3.06666666666667,"2018",29,10.3527777777778
2018-01-30,-0.588888888888888,-3.85179398148148,-6.92777777777778,"2018",30,10.3527777777778
2018-01-31,-0.394444444444445,-4.75434027777778,-9.43888888888889,"2018",31,10.3527777777778
2018-02-01,8.41666666666667,2.89137731481481,-1.55555555555556,"2018",32,10.3527777777778
2018-02-02,2.21111111111111,-3.50422453703704,-11.8666666666667,"2018",33,10.3527777777778
2018-02-03,-2.53888888888889,-7.80260416666667,-13.6555555555556,"2018",34,10.3527777777778
2018-02-04,6.66111111111111,2.37766203703704,-4.92777777777778,"2018",35,10.3527777777778
2018-02-05,7.01666666666667,2.07222222222222,-5.38888888888889,"2018",36,10.3527777777778
2018-02-06,0.3,-3.56643518518518,-6.73888888888889,"2018",37,10.3527777777778
2018-02-07,4.63888888888889,-1.94079861111111,-7.44444444444444,"2018",38,10.3527777777778
2018-02-08,0.383333333333332,-3.42395833333333,-5.88333333333333,"2018",39,10.3527777777778
2018-02-09,-0.0611111111111108,-3.43622685185185,-7.57777777777778,"2018",40,10.3527777777778
2018-02-10,12.0277777777778,6.45509259259259,-1.21111111111111,"2018",41,11.3666666666667
2018-02-11,8.51666666666667,5.13981481481482,2.61111111111111,"2018",42,11.3666666666667
2018-02-12,7.19444444444445,3.87528935185185,-1.43888888888889,"2018",43,11.3666666666667
2018-02-13,-0.00555555555555642,-2.53559027777778,-4.74444444444444,"2018",44,11.3666666666667
2018-02-14,8.79444444444444,2.72152777777778,-3.65555555555555,"2018",45,11.3666666666667
2018-02-15,9.87777777777778,6.56684027777778,2.31666666666667,"2018",46,11.3666666666667
2018-02-16,11.6388888888889,7.9806712962963,0.772222222222222,"2018",47,12.1861111111111
2018-02-17,2.77222222222222,-0.505381944444444,-3.56666666666667,"2018",48,12.1861111111111
2018-02-18,6.93888888888889,1.73454861111111,-3.00555555555556,"2018",49,12.1861111111111
2018-02-19,9.87777777777778,3.74577546296296,-4.92777777777778,"2018",50,12.1861111111111
2018-02-20,21.8666666666667,14.6262731481481,10.3666666666667,"2018",51,18.3027777777778
2018-02-21,23.3777777777778,16.7036458333333,11.1777777777778,"2018",52,25.5805555555556
2018-02-22,12.5555555555556,4.0275462962963,-0.31111111111111,"2018",53,26.8583333333333
2018-02-23,5.38333333333333,1.76684027777778,-1.75555555555556,"2018",54,26.8583333333333
2018-02-24,12.6277777777778,7.77060185185185,2.34444444444444,"2018",55,28.1722222222222
2018-02-25,5.05,3.82939814814815,2.02222222222222,"2018",56,28.1722222222222
2018-02-26,10.3944444444444,5.80601851851852,2.37222222222222,"2018",57,28.3694444444444
2018-02-27,11.5888888888889,5.21747685185185,-2.27777777777778,"2018",58,29.1638888888889
2018-02-28,16.0333333333333,8.96533564814815,3.19444444444444,"2018",59,32.1805555555556
2018-03-01,16.7,8.06927083333333,3.75,"2018",60,35.5305555555556
2018-03-02,5.30555555555555,3.4353587962963,0.577777777777777,"2018",61,35.5305555555556
2018-03-03,6.30555555555556,4.65543981481482,2.68888888888889,"2018",62,35.5305555555556
2018-03-04,4.71666666666667,3.47280092592593,2.47777777777778,"2018",63,35.5305555555556
2018-03-05,6.46111111111111,2.42019675925926,-0.761111111111112,"2018",64,35.5305555555556
2018-03-06,2.07222222222222,1.06012731481481,-0.31111111111111,"2018",65,35.5305555555556
2018-03-07,2.85,1.6302662037037,0.0777777777777781,"2018",66,35.5305555555556
2018-03-08,3.27222222222222,0.739409722222222,-1.1,"2018",67,35.5305555555556
2018-03-09,2.82222222222222,0.167534722222222,-2.59444444444445,"2018",68,35.5305555555556
2018-03-10,4.61111111111111,1.71927083333333,-0.622222222222223,"2018",69,35.5305555555556
2018-03-11,6.68888888888889,2.34082125603865,-1.55555555555556,"2018",70,35.5305555555556
2018-03-12,5.12777777777778,2.12065972222222,-3.12222222222222,"2018",71,35.5305555555556
2018-03-13,3.19444444444444,-0.544675925925926,-2.30555555555555,"2018",72,35.5305555555556
2018-03-14,5.02222222222222,0.472974537037037,-3.03333333333333,"2018",73,35.5305555555556
2018-03-15,6.63333333333333,2.3255787037037,-0.505555555555556,"2018",74,35.5305555555556
2018-03-16,3.22222222222222,0.110300925925926,-3.00555555555556,"2018",75,35.5305555555556
2018-03-17,5.36111111111111,-1.54618055555556,-6.73888888888889,"2018",76,35.5305555555556
2018-03-18,0.68888888888889,-5.02771990740741,-10.1611111111111,"2018",77,35.5305555555556
2018-03-19,2.95555555555556,-2.67280092592593,-8.06666666666667,"2018",78,35.5305555555556
2018-03-20,5.71666666666667,-0.178530092592592,-5.51111111111111,"2018",79,35.5305555555556
2018-03-21,3.61666666666667,1.39068287037037,-0.872222222222222,"2018",80,35.5305555555556
2018-03-22,5.84444444444445,2.05538194444444,-0.255555555555556,"2018",81,35.5305555555556
2018-03-23,7.24444444444444,3.34027777777778,-0.650000000000001,"2018",82,35.5305555555556
2018-03-24,8.07222222222222,3.91116898148148,1.4,"2018",83,35.5305555555556
2018-03-25,2.85,1.17650462962963,-1.01666666666667,"2018",84,35.5305555555556
2018-03-26,4.42777777777778,0.986921296296296,-2.59444444444445,"2018",85,35.5305555555556
2018-03-27,7.54444444444444,2.03969907407407,-2.71111111111111,"2018",86,35.5305555555556
2018-03-28,14.3388888888889,6.67204861111111,1.91111111111111,"2018",87,37.7
2018-03-29,12.5833333333333,7.02407407407407,1.20555555555556,"2018",88,38.9916666666667
2018-03-30,18.5111111111111,11.7088541666667,7.82222222222222,"2018",89,43.2472222222222
2018-03-31,14.6,7.62436342592593,3.40555555555556,"2018",90,45.5472222222222
2018-04-01,14.8666666666667,8.4134837962963,2.58333333333333,"2018",91,47.9805555555556
2018-04-02,4.68888888888889,1.71822916666667,-0.927777777777779,"2018",92,47.9805555555556
2018-04-03,8.83888888888889,2.88327546296296,-1.84444444444444,"2018",93,47.9805555555556
2018-04-04,14.1,7.60052083333333,3.48333333333334,"2018",94,50.0305555555556
2018-04-05,5.25555555555556,1.9109375,-1.63888888888889,"2018",95,50.0305555555556
2018-04-06,4.76666666666667,1.02488425925926,-4.01666666666667,"2018",96,50.0305555555556
2018-04-07,7.64444444444444,4.10925925925926,1.4,"2018",97,50.0305555555556
2018-04-08,6.46111111111111,2.25034722222222,-0.449999999999999,"2018",98,50.0305555555556
2018-04-09,7.74444444444444,2.07054398148148,-2.1,"2018",99,50.0305555555556
2018-04-10,4.73888888888889,2.3771412037037,-0.733333333333334,"2018",100,50.0305555555556
2018-04-11,9.51111111111111,2.85081018518518,-2.16111111111111,"2018",101,50.0305555555556
2018-04-12,14.9833333333333,7.26712962962963,0.188888888888891,"2018",102,52.5222222222222
2018-04-13,20.2944444444444,13.8508680555556,8.44444444444445,"2018",103,57.6694444444444
2018-04-14,11.2222222222222,7.57025462962963,3.43333333333333,"2018",104,58.2805555555556
2018-04-15,3.35555555555556,1.20028935185185,-0.116666666666667,"2018",105,58.2805555555556
2018-04-16,12.8722222222222,6.14704861111111,1.07222222222222,"2018",106,59.7166666666667
2018-04-17,9.85555555555556,7.15480324074074,4.47777777777778,"2018",107,59.7166666666667
2018-04-18,11.3944444444444,6.21064814814815,1.1,"2018",108,60.4138888888889
2018-04-19,5.82222222222222,4.13842592592593,1.75,"2018",109,60.4138888888889
2018-04-20,11.3222222222222,5.93634259259259,1.12777777777778,"2018",110,61.075
2018-04-21,15.0333333333333,8.70914351851852,2.12777777777778,"2018",111,63.5916666666667
2018-04-22,16.9611111111111,9.59045138888889,1.28888888888889,"2018",112,67.0722222222222
2018-04-23,15.9611111111111,10.4272569444444,1.28888888888889,"2018",113,70.0527777777778
2018-04-24,20.2944444444444,12.2664930555556,4.47777777777778,"2018",114,75.2
2018-04-25,15.65,12.0196759259259,9.43333333333333,"2018",115,78.025
2018-04-26,20.1,15.1046296296296,11.0555555555556,"2018",116,83.6027777777778
2018-04-27,16.2944444444444,10.3584490740741,6.88888888888889,"2018",117,86.75
2018-04-28,23.45,15.2898148148148,7.97222222222222,"2018",118,93.475
2018-04-29,15.8666666666667,11.1825810185185,5.9,"2018",119,96.4083333333333
2018-04-30,9.75555555555556,6.40850694444444,3.53888888888889,"2018",120,96.4083333333333
2018-05-01,19.8166666666667,12.5358217592593,5.02222222222222,"2018",121,101.316666666667
2018-05-02,32.3055555555556,23.6076388888889,13.4,"2018",122,114.169444444444
2018-05-03,32.5611111111111,23.6877314814815,17.9388888888889,"2018",123,129.419444444444
2018-05-04,28.2444444444444,23.6764467592593,20.15,"2018",124,143.616666666667
2018-05-05,24,19.2313078703704,13.9277777777778,"2018",125,152.580555555556
2018-05-06,19.0333333333333,15.5515625,10.3222222222222,"2018",126,157.258333333333
2018-05-07,17.1555555555556,12.801099537037,8.56666666666667,"2018",127,160.836111111111
2018-05-08,21.6277777777778,14.1172453703704,7.41666666666667,"2018",128,166.65
2018-05-09,21.2222222222222,13.3553819444444,8.17222222222222,"2018",129,172.261111111111
2018-05-10,23.2055555555556,14.8858796296296,9.58333333333333,"2018",130,178.863888888889
2018-05-11,21.3444444444444,16.0251157407407,9.82777777777778,"2018",131,184.536111111111
2018-05-12,10.9555555555556,9.62337962962963,7.39444444444445,"2018",132,185.013888888889
2018-05-13,13.7111111111111,10.2078125,8.17222222222222,"2018",133,186.869444444444
2018-05-14,24.3611111111111,15.2329861111111,7.82222222222222,"2018",134,194.05
2018-05-15,29.3888888888889,18.6804398148148,13.8555555555556,"2018",135,205.672222222222
2018-05-16,14.6722222222222,12.0133101851852,10.3222222222222,"2018",136,208.169444444444
2018-05-17,24.6777777777778,17.1728587962963,11.0555555555556,"2018",137,216.036111111111
2018-05-18,17.9388888888889,12.3228587962963,5.1,"2018",138,220.005555555556
2018-05-19,12.6055555555556,9.3125,4.08888888888889,"2018",139,221.308333333333
2018-05-20,25.9166666666667,19.6842592592593,11.6111111111111,"2018",140,230.072222222222
2018-05-21,25.9611111111111,18.2359375,9.48333333333333,"2018",141,238.052777777778
2018-05-22,19.3388888888889,15.0501736111111,11.1277777777778,"2018",142,243.286111111111
2018-05-23,28.8888888888889,19.4403935185185,11.8555555555556,"2018",143,253.658333333333
2018-05-24,22.4888888888889,15.8359953703704,10.2444444444444,"2018",144,260.025
2018-05-25,30.5944444444444,22.0626736111111,11.4666666666667,"2018",145,271.055555555556
2018-05-26,31.7166666666667,24.0929976851852,17.2944444444444,"2018",146,285.561111111111
2018-05-27,17.3444444444444,12.1440972222222,9.73333333333333,"2018",147,289.233333333333
2018-05-28,16.4888888888889,12.7146990740741,9.77777777777778,"2018",148,292.477777777778
2018-05-29,29.7888888888889,21.8467592592593,13.9777777777778,"2018",149,304.361111111111
2018-05-30,20.0333333333333,17.6696759259259,15.1277777777778,"2018",150,311.941666666667
2018-05-31,27.9722222222222,20.1947337962963,11.5166666666667,"2018",151,321.686111111111
2018-06-01,26.7444444444444,22.4155671296296,18.2222222222222,"2018",152,334.169444444444
2018-06-02,26.6,21.8342592592593,15.0055555555556,"2018",153,344.972222222222
2018-06-03,15.2444444444444,12.9480902777778,9.01666666666666,"2018",154,347.594444444444
2018-06-04,11.2944444444444,10.1855324074074,8.46666666666667,"2018",155,348.241666666667
2018-06-05,17.7944444444444,12.6887731481481,9.21111111111111,"2018",156,352.138888888889
2018-06-06,19.6722222222222,14.2729166666667,11.4166666666667,"2018",157,357.683333333333
2018-06-07,21.5777777777778,16.3689236111111,11.8777777777778,"2018",158,364.411111111111
2018-06-08,26.9166666666667,19.2028935185185,11.5388888888889,"2018",159,373.638888888889
2018-06-09,26.3555555555556,21.1169560185185,13.6666666666667,"2018",160,383.65
2018-06-10,22.6333333333333,18.7307291666667,12.2444444444444,"2018",161,391.088888888889
2018-06-11,19.1277777777778,15.6924189814815,11.3944444444444,"2018",162,396.35
2018-06-12,25.9166666666667,18.3990740740741,10.8111111111111,"2018",163,404.713888888889
2018-06-13,24.5333333333333,19.6208912037037,13.9555555555556,"2018",164,413.958333333333
2018-06-14,26.0611111111111,21.5707175925926,18.4166666666667,"2018",165,426.197222222222
2018-06-15,20.7722222222222,15.3313657407407,12.1944444444444,"2018",166,432.680555555556
2018-06-16,28.9888888888889,20.6031828703704,11.4888888888889,"2018",167,442.919444444444
2018-06-17,29.8388888888889,21.5226851851852,14.5055555555556,"2018",168,455.091666666667
2018-06-18,31.6888888888889,24.2491319444444,18.4388888888889,"2018",169,470.155555555556
2018-06-19,27.1111111111111,23.6977430555556,18.25,"2018",170,482.836111111111
2018-06-20,28.2222222222222,21.0375,11.8555555555556,"2018",171,492.875
2018-06-21,27.3833333333333,20.1555555555556,14.7944444444444,"2018",172,503.963888888889
2018-06-22,24.2666666666667,18.2627314814815,13.7388888888889,"2018",173,512.966666666667
2018-06-23,17.4388888888889,15.2708333333333,13.2333333333333,"2018",174,518.302777777778
2018-06-24,26.9388888888889,19.766724537037,13.8111111111111,"2018",175,528.677777777778
2018-06-25,21.9166666666667,18.2701967592593,11.5666666666667,"2018",176,535.419444444444
2018-06-26,26.8166666666667,19.1523726851852,10.6388888888889,"2018",177,544.147222222222
2018-06-27,25.9888888888889,20.1277199074074,15.8444444444444,"2018",178,555.063888888889
2018-06-28,23.6888888888889,20.9159722222222,17.9833333333333,"2018",179,565.9
2018-06-29,31.7888888888889,25.3517939814815,19.6055555555556,"2018",180,581.597222222222
2018-06-30,33.4444444444444,27.1349537037037,18.9388888888889,"2018",181,597.788888888889
2018-07-01,34.3888888888889,27.3796296296296,22.7277777777778,"2018",182,616.347222222222
2018-07-02,31.3333333333333,24.9219907407407,20.2444444444444,"2018",183,632.136111111111
2018-07-03,35.45,28.341087962963,21.4111111111111,"2018",184,650.566666666667
2018-07-04,32.3277777777778,27.9148726851852,22.9666666666667,"2018",185,668.213888888889
2018-07-05,34.15,28.1041087962963,22.2722222222222,"2018",186,686.425
2018-07-06,29.0388888888889,24.9100115740741,17.7222222222222,"2018",187,699.805555555556
2018-07-07,26.6222222222222,19.9192708333333,11.6388888888889,"2018",188,708.936111111111
2018-07-08,28.6444444444444,21.6764467592593,12.5555555555556,"2018",189,719.536111111111
2018-07-09,32.2277777777778,24.1352430555556,15.8888888888889,"2018",190,733.594444444444
2018-07-10,34.0722222222222,26.6306134259259,18.1055555555556,"2018",191,749.683333333333
2018-07-11,26.2333333333333,20.8953125,15.2444444444444,"2018",192,760.422222222222
2018-07-12,24.7,20.1214699074074,13.2833333333333,"2018",193,769.413888888889
2018-07-13,29.6666666666667,22.1839699074074,15.4388888888889,"2018",194,781.966666666667
2018-07-14,26.5222222222222,21.3048611111111,14.4555555555556,"2018",195,792.455555555556
2018-07-15,29.4388888888889,22.7710069444444,19.6055555555556,"2018",196,806.977777777778
2018-07-16,27.2111111111111,23.1535300925926,18.3666666666667,"2018",197,819.766666666667
2018-07-17,32.4833333333333,24.0018518518519,20.1722222222222,"2018",198,836.094444444445
2018-07-18,27.5277777777778,22.5766782407407,16.5833333333333,"2018",199,848.15
2018-07-19,28.2444444444444,21.0052662037037,13.2333333333333,"2018",200,858.888888888889
2018-07-20,28.2222222222222,22.4019675925926,15.7,"2018",201,870.85
2018-07-21,23.4,19.3865740740741,13.4,"2018",202,879.25
2018-07-22,26.0111111111111,21.9508680555556,18.1277777777778,"2018",203,891.319444444445
2018-07-23,29.6388888888889,25.5054976851852,22.9444444444444,"2018",204,907.611111111111
2018-07-24,30.9222222222222,26.3207175925926,23.4,"2018",205,924.772222222222
2018-07-25,30.2944444444444,25.2981481481481,22.9222222222222,"2018",206,941.380555555556
2018-07-26,29.5388888888889,23.7594328703704,20.8666666666667,"2018",207,956.583333333333
2018-07-27,32.6888888888889,25.6902777777778,20.2,"2018",208,973.027777777778
2018-07-28,31.8444444444444,25.7659143518519,22.0833333333333,"2018",209,989.991666666667
2018-07-29,27.95,23.8021412037037,18.8888888888889,"2018",210,1003.41111111111
2018-07-30,28.8166666666667,22.6659143518518,15.8666666666667,"2018",211,1015.75277777778
2018-07-31,31.2777777777778,24.0747106481481,17.2944444444444,"2018",212,1030.03888888889
2018-08-01,29.1666666666667,24.1545138888889,17.9166666666667,"2018",213,1043.58055555556
2018-08-02,34.3888888888889,28.2122685185185,24.3611111111111,"2018",214,1062.95555555556
2018-08-03,31.9444444444444,27.3018518518519,24.2666666666667,"2018",215,1081.06111111111
2018-08-04,28.5944444444444,23.6938657407407,19.8388888888889,"2018",216,1095.27777777778
2018-08-05,33.1333333333333,25.7377314814815,18.6055555555556,"2018",217,1111.14722222222
2018-08-06,34.3888888888889,27.7695023148148,19.7944444444444,"2018",218,1128.23888888889
2018-08-07,34.1,28.2825810185185,23.2333333333333,"2018",219,1146.90555555556
2018-08-08,32.2777777777778,25.4413773148148,21.8888888888889,"2018",220,1163.98888888889
2018-08-09,30.3944444444444,25.3552083333333,21.8888888888889,"2018",221,1180.13055555556
2018-08-10,30.4722222222222,24.5568287037037,18.65,"2018",222,1194.69166666667
2018-08-11,22.9666666666667,20.603125,19.3388888888889,"2018",223,1205.84444444444
2018-08-12,24,20.524537037037,19.2444444444444,"2018",224,1217.46666666667
2018-08-13,21.6277777777778,20.291724537037,19.2222222222222,"2018",225,1227.89166666667
2018-08-14,28.4444444444444,23.5890625,20.6,"2018",226,1242.41388888889
2018-08-15,31.05,24.7717592592593,20.8166666666667,"2018",227,1258.34722222222
2018-08-16,31.5888888888889,26.025462962963,21.3444444444444,"2018",228,1274.81388888889
2018-08-17,26.6,23.3001736111111,18.8166666666667,"2018",229,1287.52222222222
2018-08-18,30.1166666666667,23.7528935185185,18.25,"2018",230,1301.70555555556
2018-08-19,21.7944444444444,19.7159143518519,18.4166666666667,"2018",231,1311.81111111111
2018-08-20,22.8,19.9123842592593,17.4166666666667,"2018",232,1321.91944444444
2018-08-21,21.2722222222222,18.7593171296296,16.9166666666667,"2018",233,1331.01388888889
2018-08-22,28.3944444444444,21.1594907407407,16.7722222222222,"2018",234,1343.59722222222
2018-08-23,25.0888888888889,19.7208912037037,14.3611111111111,"2018",235,1353.32222222222
2018-08-24,28.7166666666667,20.8183449074074,12.8722222222222,"2018",236,1364.11666666667
2018-08-25,29.0888888888889,21.943287037037,17.2,"2018",237,1377.26111111111
2018-08-26,28.4944444444444,21.5094328703704,13.4722222222222,"2018",238,1388.24444444444
2018-08-27,31.05,25.3977430555556,20.15,"2018",239,1403.84444444444
2018-08-28,34.8111111111111,28.2820023148148,21.4833333333333,"2018",240,1421.99166666667
2018-08-29,35.4222222222222,29.8916087962963,25.0166666666667,"2018",241,1442.21111111111
2018-08-30,31.0277777777778,25.6534143518519,21.1055555555556,"2018",242,1458.27777777778
2018-08-31,21.7722222222222,19.3653935185185,13.8333333333333,"2018",243,1466.08055555556
2018-09-01,23.2055555555556,18.5534143518519,13.6444444444444,"2018",244,1474.50555555556
2018-09-02,29.8888888888889,22.0541087962963,14.8166666666667,"2018",245,1486.85833333333
2018-09-03,33.9666666666667,27.1412615740741,21.0555555555556,"2018",246,1504.36944444444
2018-09-04,30.5944444444444,26.4092013888889,22.6555555555556,"2018",247,1520.99444444444
2018-09-05,32.5111111111111,25.0802083333333,19.7,"2018",248,1537.1
2018-09-06,34.3333333333333,25.6736689814815,21.9166666666667,"2018",249,1555.225
2018-09-07,21.8888888888889,19.5756944444444,15.6055555555556,"2018",250,1563.97222222222
2018-09-08,20.5055555555556,17.4141203703704,13.4722222222222,"2018",251,1570.96111111111
2018-09-09,16.4888888888889,14.4530671296296,12.1944444444444,"2018",252,1575.30277777778
2018-09-10,18.2222222222222,16.5518518518519,15.2444444444444,"2018",253,1582.03611111111
2018-09-11,26.4,19.9380787037037,16.5111111111111,"2018",254,1593.49166666667
2018-09-12,20.4611111111111,19.2920138888889,17.9388888888889,"2018",255,1602.69166666667
2018-09-13,21.4111111111111,18.7853009259259,16.1277777777778,"2018",256,1611.46111111111
2018-09-14,23.9777777777778,19.1884837962963,15.2444444444444,"2018",257,1621.07222222222
2018-09-15,24.75,19.0115162037037,15.3166666666667,"2018",258,1631.10555555556
2018-09-16,30.75,22.0677662037037,14.8388888888889,"2018",259,1643.9
2018-09-17,28.1222222222222,22.4429976851852,18.65,"2018",260,1657.28611111111
2018-09-18,23.7833333333333,21.1357638888889,18.1777777777778,"2018",261,1668.26666666667
2018-09-19,20.2944444444444,17.0235532407407,15.6777777777778,"2018",262,1676.25277777778
2018-09-20,18.0111111111111,16.0809027777778,14.7222222222222,"2018",263,1682.61944444444
2018-09-21,22.0111111111111,17.3675347222222,13.0388888888889,"2018",264,1690.14444444444
2018-09-22,21.4611111111111,18.3400462962963,11.9777777777778,"2018",265,1696.86388888889
2018-09-23,16.5833333333333,11.9853587962963,7.82222222222222,"2018",266,1700.15555555556
2018-09-24,14.0277777777778,12.025462962963,8.56666666666667,"2018",267,1702.16944444444
2018-09-25,20.65,15.6368634259259,12.1,"2018",268,1708.54444444444
2018-09-26,27.9222222222222,23.3678240740741,19.5777777777778,"2018",269,1722.29444444444
2018-09-27,20.0333333333333,17.3484375,14.9611111111111,"2018",270,1729.79166666667
2018-09-28,15.7944444444444,13.8907407407407,10.6611111111111,"2018",271,1733.01944444444
2018-09-29,22.6555555555556,14.7393518518519,9.56111111111111,"2018",272,1739.34722222222
2018-09-30,20.6722222222222,13.2452546296296,7.49444444444445,"2018",273,1744.68333333333
2018-10-01,19.0333333333333,14.2360532407407,10.4666666666667,"2018",274,1749.43333333333
2018-10-02,16.6555555555556,14.0751157407407,12.6777777777778,"2018",275,1754.1
2018-10-03,16.3888888888889,14.1359953703704,11.3722222222222,"2018",276,1757.98055555556
2018-10-04,21.8166666666667,17.8016782407407,13.6666666666667,"2018",277,1765.72222222222
2018-10-05,18.5777777777778,13.0275462962963,6.46111111111111,"2018",278,1770.01111111111
2018-10-06,17.4388888888889,12.60625,6.33333333333333,"2018",279,1773.73055555556
2018-10-07,25.3055555555556,18.0934606481481,14.4555555555556,"2018",280,1783.61111111111
2018-10-08,14.7444444444444,13.1537037037037,12.3166666666667,"2018",281,1787.14166666667
2018-10-09,24.9944444444444,19.6533564814815,12.6555555555556,"2018",282,1795.96666666667
2018-10-10,28.8666666666667,22.9181712962963,18.9611111111111,"2018",283,1809.88055555556
2018-10-11,21.2222222222222,16.5272569444444,13.4722222222222,"2018",284,1817.22777777778
2018-10-12,16.4388888888889,13.0862268518519,7.61666666666667,"2018",285,1820.44722222222
2018-10-13,11.6388888888889,7.68466435185185,3.95555555555555,"2018",286,1821.26666666667
2018-10-14,14.6,7.34855324074074,2.87777777777778,"2018",287,1823.56666666667
2018-10-15,19.6277777777778,11.6774884259259,3.51111111111111,"2018",288,1828.38055555556
2018-10-16,19.6277777777778,10.087962962963,5.46111111111111,"2018",289,1833.19444444444
2018-10-17,16.4388888888889,8.678125,2.52777777777778,"2018",290,1836.41388888889
2018-10-18,8.02222222222222,4.22719907407407,0.522222222222221,"2018",291,1836.41388888889
2018-10-19,16.3222222222222,7.68975694444444,-1.63888888888889,"2018",292,1839.575
2018-10-20,17.4388888888889,12.9644097222222,5.77222222222222,"2018",293,1843.29444444444
2018-10-21,9.48333333333333,5.80428240740741,-1.27222222222222,"2018",294,1843.29444444444
2018-10-22,10.9333333333333,3.4150462962963,-3.51111111111111,"2018",295,1843.76111111111
2018-10-23,12.7277777777778,7.42528935185185,0.633333333333334,"2018",296,1845.125
2018-10-24,8.76666666666667,6.03211805555556,3.08888888888889,"2018",297,1845.125
2018-10-25,9.13888888888889,4.13917824074074,-0.31111111111111,"2018",298,1845.125
2018-10-26,8.59444444444444,2.67876157407407,-3.83888888888889,"2018",299,1845.125
2018-10-27,9.48333333333333,7.8546875,3.64444444444445,"2018",300,1845.125
2018-10-28,11.4888888888889,7.89866898148148,4.81666666666667,"2018",301,1845.86944444444
2018-10-29,13.9555555555556,8.89762731481481,4.27222222222222,"2018",302,1847.84722222222
2018-10-30,8.41666666666667,4.84809027777778,-0.31111111111111,"2018",303,1847.84722222222
2018-10-31,13.5,6.43813657407407,-2.01666666666667,"2018",304,1849.59722222222
2018-11-01,17.7722222222222,13.2493634259259,10.4944444444444,"2018",305,1853.73055555556
2018-11-02,19.9111111111111,17.0140046296296,10.5888888888889,"2018",306,1858.98055555556
2018-11-03,18.8888888888889,12.5613425925926,7.59444444444444,"2018",307,1863.425
2018-11-04,12.1444444444444,7.23344907407407,3.8,"2018",308,1864.49722222222
2018-11-05,10.3666666666667,8.9369212962963,3.40555555555556,"2018",309,1864.68055555556
2018-11-06,14.0277777777778,10.3048032407407,7.74444444444444,"2018",310,1866.69444444444
2018-11-07,17.3444444444444,12.9225115740741,9.06666666666667,"2018",311,1870.36666666667
2018-11-08,12.6277777777778,7.49994212962963,0.68888888888889,"2018",312,1871.68055555556
2018-11-09,9.43333333333333,5.77824074074074,-0.900000000000001,"2018",313,1871.68055555556
2018-11-10,8.61666666666667,5.89496527777778,1.01666666666667,"2018",314,1871.68055555556
2018-11-11,7.24444444444444,2.63559027777778,-2.77222222222222,"2018",315,1871.68055555556
2018-11-12,9.87777777777778,3.11770833333333,-3.83888888888889,"2018",316,1871.68055555556
2018-11-13,11.7611111111111,7.44652777777778,4.45555555555556,"2018",317,1872.56111111111
2018-11-14,4.19444444444444,-0.339872685185185,-5.35555555555556,"2018",318,1872.56111111111
2018-11-15,0.188888888888891,-2.85792824074074,-6.13333333333333,"2018",319,1872.56111111111
2018-11-16,5.64444444444444,2.18709490740741,0.188888888888891,"2018",320,1872.56111111111
2018-11-17,8.96666666666667,4.80017361111111,0.772222222222222,"2018",321,1872.56111111111
2018-11-18,5,2.91394675925926,0.905555555555557,"2018",322,1872.56111111111
2018-11-19,3.14444444444444,2.35578703703704,1.28888888888889,"2018",323,1872.56111111111
2018-11-20,3.95555555555555,1.94322916666667,-0.477777777777777,"2018",324,1872.56111111111
2018-11-21,5,0.542939814814815,-5.91666666666667,"2018",325,1872.56111111111
2018-11-22,-6.23333333333333,-9.17957175925926,-11.4,"2018",326,1872.56111111111
2018-11-23,-0.31111111111111,-5.84201388888889,-11.1444444444444,"2018",327,1872.56111111111
2018-11-24,7.39444444444445,2.29149305555556,-2.91666666666667,"2018",328,1872.56111111111
2018-11-25,8.02222222222222,5.94635416666667,4.16666666666667,"2018",329,1872.56111111111
2018-11-26,7.64444444444444,6.1962962962963,5.02222222222222,"2018",330,1872.56111111111
2018-11-27,7.82222222222222,4.8072337962963,1.64444444444444,"2018",331,1872.56111111111
2018-11-28,4.94444444444444,2.90989583333333,0.438888888888888,"2018",332,1872.56111111111
2018-11-29,6.51111111111111,3.85173611111111,0.0777777777777781,"2018",333,1872.56111111111
2018-11-30,6.1,1.41215277777778,-3.21111111111111,"2018",334,1872.56111111111
2018-12-01,6.96666666666667,2.20734953703704,-1.55555555555556,"2018",335,1872.56111111111
2018-12-02,9.53333333333333,6.53344907407407,2.61111111111111,"2018",336,1872.56111111111
2018-12-03,13.8555555555556,9.14103009259259,5.46111111111111,"2018",337,1874.48888888889
2018-12-04,5.30555555555555,0.762326388888888,-4.56111111111111,"2018",338,1874.48888888889
2018-12-05,1.37222222222222,-2.51631944444444,-7.47777777777778,"2018",339,1874.48888888889
2018-12-06,3.61666666666667,0.214756944444444,-3.56666666666667,"2018",340,1874.48888888889
2018-12-07,3.19444444444444,0.0975115740740741,-4.86666666666667,"2018",341,1874.48888888889
2018-12-08,-1.81111111111111,-5.41915509259259,-8.56111111111111,"2018",342,1874.48888888889
2018-12-09,1.83333333333333,-3.64351851851852,-9.13333333333333,"2018",343,1874.48888888889
2018-12-10,2.92777777777778,-1.43709490740741,-4.74444444444444,"2018",344,1874.48888888889
2018-12-11,2.85,-2.78061342592593,-9.1,"2018",345,1874.48888888889
2018-12-12,2.18333333333333,-1.4537037037037,-5.95,"2018",346,1874.48888888889
2018-12-13,0.577777777777777,-3.28373842592593,-7.77222222222222,"2018",347,1874.48888888889
2018-12-14,8.79444444444444,2.62372685185185,-4.58888888888889,"2018",348,1874.48888888889
2018-12-15,11.1,8.33680555555556,5.28333333333333,"2018",349,1875.03888888889
2018-12-16,5.87222222222222,5.05706018518519,3.77222222222222,"2018",350,1875.03888888889
2018-12-17,4.63888888888889,2.69201388888889,0.877777777777777,"2018",351,1875.03888888889
2018-12-18,2.58333333333333,-2.65804398148148,-5.41666666666667,"2018",352,1875.03888888889
2018-12-19,4.71666666666667,-1.53796296296296,-6.54444444444445,"2018",353,1875.03888888889
2018-12-20,9.53333333333333,3.94855324074074,-2.21666666666667,"2018",354,1875.03888888889
2018-12-21,17.9833333333333,13.1212384259259,5.92222222222222,"2018",355,1879.03055555556
2018-12-22,13.7111111111111,7.96747685185185,1.56111111111111,"2018",356,1880.88611111111
2018-12-23,4.55555555555556,0.859895833333334,-1.87222222222222,"2018",357,1880.88611111111
2018-12-24,2.23333333333334,0.335127314814815,-1.61111111111111,"2018",358,1880.88611111111
2018-12-25,3.16666666666667,-0.276099537037037,-3.71666666666667,"2018",359,1880.88611111111
2018-12-26,3.72222222222222,-1.10179398148148,-5.45,"2018",360,1880.88611111111
2018-12-27,2.79444444444445,-0.292592592592592,-1.95555555555556,"2018",361,1880.88611111111
2018-12-28,12.8722222222222,6.87037037037037,-0.733333333333334,"2018",362,1882.32222222222
2018-12-29,12.3888888888889,7.70422453703704,-0.2,"2018",363,1883.51666666667
2018-12-30,1.91111111111111,-1.99236111111111,-4.22777777777778,"2018",364,1883.51666666667
2018-12-31,6.12777777777778,1.66770833333333,-3.32777777777778,"2018",365,1883.51666666667
2019-01-01,14.2388888888889,7.64288194444444,0.0222222222222217,"2019",1,2.11944444444445
2019-01-02,2.31666666666667,-1.17251157407407,-3.00555555555556,"2019",2,2.11944444444445
2019-01-03,6.53333333333333,2.5021412037037,-1.72777777777778,"2019",3,2.11944444444445
2019-01-04,7.34444444444444,3.90121527777778,0.161111111111111,"2019",4,2.11944444444445
2019-01-05,5.28333333333333,3.4494212962963,1.01666666666667,"2019",5,2.11944444444445
2019-01-06,6.86666666666667,1.45248842592593,-4.83333333333333,"2019",6,2.11944444444445
2019-01-07,-1.61111111111111,-4.87615740740741,-8.62777777777778,"2019",7,2.11944444444445
2019-01-08,4.89444444444445,1.13113425925926,-2.91666666666667,"2019",8,2.11944444444445
2019-01-09,6.63333333333333,3.10434027777778,0.244444444444443,"2019",9,2.11944444444445
2019-01-10,1.04444444444445,-0.510532407407407,-5.11111111111111,"2019",10,2.11944444444445
2019-01-11,-2.65555555555556,-5.58940972222222,-9.81666666666667,"2019",11,2.11944444444445
2019-01-12,-2.39444444444444,-7.3849537037037,-11.1833333333333,"2019",12,2.11944444444445
2019-01-13,-2.13333333333333,-6.34971064814815,-10.3722222222222,"2019",13,2.11944444444445
2019-01-14,-0.172222222222221,-4.76076388888889,-7.08888888888889,"2019",14,2.11944444444445
2019-01-15,2.58333333333333,-3.88917824074074,-8.93333333333333,"2019",15,2.11944444444445
2019-01-16,2.61111111111111,-1.27858796296296,-7.08888888888889,"2019",16,2.11944444444445
2019-01-17,-1.12777777777778,-4.87083333333333,-9.23333333333333,"2019",17,2.11944444444445
2019-01-18,5.69444444444444,0.0251157407407411,-5.07777777777778,"2019",18,2.11944444444445
2019-01-19,-0.561111111111112,-1.91435185185185,-4.56111111111111,"2019",19,2.11944444444445
2019-01-20,1.20555555555556,-4.35572916666667,-14.4722222222222,"2019",20,2.11944444444445
2019-01-21,-14.55,-16.0337384259259,-17.3388888888889,"2019",21,2.11944444444445
2019-01-22,-2.33333333333333,-9.37847222222222,-15.3444444444444,"2019",22,2.11944444444445
2019-01-23,8.98888888888889,-0.269039351851852,-9.95555555555556,"2019",23,2.11944444444445
2019-01-24,14.5777777777778,10.5178819444444,1.4,"2019",24,4.40833333333333
2019-01-25,4.37777777777778,0.646296296296296,-3.47777777777778,"2019",25,4.40833333333333
2019-01-26,1.4,-3.22725694444444,-7.60555555555556,"2019",26,4.40833333333333
2019-01-27,7.51666666666667,1.47337962962963,-6.77222222222222,"2019",27,4.40833333333333
2019-01-28,3.72222222222222,-2.40277777777778,-5.85555555555556,"2019",28,4.40833333333333
2019-01-29,1.47777777777778,-2.37986111111111,-6.8,"2019",29,4.40833333333333
2019-01-30,2.31666666666667,-3.54178240740741,-14.9055555555556,"2019",30,4.40833333333333
2019-01-31,-9.40555555555556,-13.4983796296296,-17.4222222222222,"2019",31,4.40833333333333
2019-02-01,-6.32777777777778,-10.6076967592593,-14.3555555555556,"2019",32,4.40833333333333
2019-02-02,0.216666666666667,-5.83969907407407,-13.4666666666667,"2019",33,4.40833333333333
2019-02-03,5.36111111111111,0.770081018518519,-1.78333333333333,"2019",34,4.40833333333333
2019-02-04,17.1277777777778,7.77991898148148,1.01666666666667,"2019",35,7.97222222222222
2019-02-05,17.5111111111111,10.1008101851852,4.55555555555556,"2019",36,11.7277777777778
2019-02-06,4.89444444444445,1.20364583333333,-0.561111111111112,"2019",37,11.7277777777778
2019-02-07,4.32222222222222,2.73900462962963,0.32777777777778,"2019",38,11.7277777777778
2019-02-08,12.4611111111111,4.32106481481481,-2.01666666666667,"2019",39,12.9583333333333
2019-02-09,0.633333333333334,-2.76215277777778,-5.35555555555556,"2019",40,12.9583333333333
2019-02-10,1.45,-2.71990740740741,-6.64444444444444,"2019",41,12.9583333333333
2019-02-11,2.28888888888889,-1.63350694444444,-4.80555555555555,"2019",42,12.9583333333333
2019-02-12,1.91111111111111,-4.09386574074074,-9.1,"2019",43,12.9583333333333
2019-02-13,5.46111111111111,2.15358796296296,-1.67222222222222,"2019",44,12.9583333333333
2019-02-14,3.90555555555556,-0.165451388888889,-2.77222222222222,"2019",45,12.9583333333333
2019-02-15,10.3222222222222,5.5412037037037,-2.21666666666667,"2019",46,13.1194444444444
2019-02-16,7.44444444444444,2.58697916666667,-1.98888888888889,"2019",47,13.1194444444444
2019-02-17,3.08888888888889,-2.32065972222222,-6.45,"2019",48,13.1194444444444
2019-02-18,-0.505555555555556,-2.63524305555556,-7.28333333333333,"2019",49,13.1194444444444
2019-02-19,0.383333333333332,-5.38009259259259,-9.98888888888889,"2019",50,13.1194444444444
2019-02-20,-1.55555555555556,-5.27037037037037,-10.5833333333333,"2019",51,13.1194444444444
2019-02-21,8.19444444444444,1.98709490740741,-4.62222222222222,"2019",52,13.1194444444444
2019-02-22,7.06666666666667,3.39438657407407,-1.35555555555556,"2019",53,13.1194444444444
2019-02-23,4.76666666666667,0.637037037037037,-4.31666666666667,"2019",54,13.1194444444444
2019-02-24,7.94444444444444,4.19797453703704,0.133333333333334,"2019",55,13.1194444444444
2019-02-25,4.4,1.06516203703704,-2.68333333333333,"2019",56,13.1194444444444
2019-02-26,-1.5,-4.55208333333333,-8.42777777777778,"2019",57,13.1194444444444
2019-02-27,-4.40555555555556,-7.90341435185185,-12.0833333333333,"2019",58,13.1194444444444
2019-02-28,-0.622222222222223,-5.68177083333333,-8.56111111111111,"2019",59,13.1194444444444
2019-03-01,4.47777777777778,-2.30497685185185,-8.3,"2019",60,13.1194444444444
2019-03-02,0.466666666666669,-0.516666666666667,-2.33333333333333,"2019",61,13.1194444444444
2019-03-03,6.12777777777778,1.17673611111111,-3.71666666666667,"2019",62,13.1194444444444
2019-03-04,3.90555555555556,0.363599537037037,-5.51111111111111,"2019",63,13.1194444444444
2019-03-05,-0.705555555555555,-5.39409722222222,-9.1,"2019",64,13.1194444444444
2019-03-06,-2.39444444444444,-6.79143518518519,-9.95555555555556,"2019",65,13.1194444444444
2019-03-07,-2.27777777777778,-7.36053240740741,-13.1277777777778,"2019",66,13.1194444444444
2019-03-08,2.63888888888889,-3.93246527777778,-12.1944444444444,"2019",67,13.1194444444444
2019-03-09,8.02222222222222,0.0489583333333332,-5.78888888888889,"2019",68,13.1194444444444
2019-03-10,3.27222222222222,0.495833333333334,-4.22777777777778,"2019",69,13.1194444444444
2019-03-11,9.80555555555556,4.90868055555556,0.244444444444443,"2019",70,13.1194444444444
2019-03-12,6.46111111111111,2.86030092592593,-0.844444444444444,"2019",71,13.1194444444444
2019-03-13,7.03888888888889,1.45902777777778,-4.77222222222222,"2019",72,13.1194444444444
2019-03-14,10.6388888888889,5.7203125,0.633333333333334,"2019",73,13.4388888888889
2019-03-15,16.3888888888889,11.5932291666667,5.23333333333333,"2019",74,16.6333333333333
2019-03-16,11.6111111111111,6.85133101851852,1.28888888888889,"2019",75,17.4388888888889
2019-03-17,4.68888888888889,1.4208912037037,-1.35555555555556,"2019",76,17.4388888888889
2019-03-18,5.66666666666667,0.116087962962963,-4.40555555555556,"2019",77,17.4388888888889
2019-03-19,6.78888888888889,1.03935185185185,-4.10555555555556,"2019",78,17.4388888888889
2019-03-20,11.4166666666667,3.35902777777778,-4.89444444444444,"2019",79,18.1472222222222
2019-03-21,10.6388888888889,5.34606481481481,-0.677777777777777,"2019",80,18.4666666666667
2019-03-22,5.05,3.87106481481481,2.85,"2019",81,18.4666666666667
2019-03-23,8.39444444444444,3.26898148148148,-0.650000000000001,"2019",82,18.4666666666667
2019-03-24,14.3111111111111,6.4994212962963,-2.33333333333333,"2019",83,20.6222222222222
2019-03-25,9.73333333333333,5.53709490740741,-0.78888888888889,"2019",84,20.6222222222222
2019-03-26,6.56111111111111,2.10914351851852,-2.1,"2019",85,20.6222222222222
2019-03-27,5.61666666666667,1.38188657407407,-3.62777777777778,"2019",86,20.6222222222222
2019-03-28,11.4888888888889,4.6822337962963,-1.72777777777778,"2019",87,21.3666666666667
2019-03-29,13.4,9.03582175925926,5.48888888888889,"2019",88,23.0666666666667
2019-03-30,19.8166666666667,11.6947916666667,5.77222222222222,"2019",89,27.975
2019-03-31,20.0777777777778,11.7700231481481,3.69444444444444,"2019",90,33.0138888888889
2019-04-01,7.34444444444444,3.38969907407407,-1.61111111111111,"2019",91,33.0138888888889
2019-04-02,10.7833333333333,3.79519675925926,-4.40555555555556,"2019",92,33.4055555555556
2019-04-03,17.2944444444444,8.13263888888889,3.11666666666667,"2019",93,37.0527777777778
2019-04-04,10.15,6.17644675925926,3.22222222222222,"2019",94,37.1277777777778
2019-04-05,8.98888888888889,3.33333333333333,-0.900000000000001,"2019",95,37.1277777777778
2019-04-06,18.5555555555556,8.90561342592592,1.42777777777778,"2019",96,41.4055555555556
2019-04-07,19.4111111111111,11.3778935185185,2.71666666666667,"2019",97,46.1111111111111
2019-04-08,11.2,5.77737268518518,2.37222222222222,"2019",98,46.7111111111111
2019-04-09,5.12777777777778,2.82239583333333,0.933333333333333,"2019",99,46.7111111111111
2019-04-10,7.06666666666667,4.05607638888889,0.905555555555557,"2019",100,46.7111111111111
2019-04-11,11.5166666666667,5.75225694444444,0.0777777777777781,"2019",101,47.4694444444444
2019-04-12,12.75,8.05260416666667,2.68888888888889,"2019",102,48.8444444444444
2019-04-13,23.5222222222222,17.0016782407407,12.3888888888889,"2019",103,56.8
2019-04-14,20.1,14.4829282407407,10.6388888888889,"2019",104,62.1694444444444
2019-04-15,20.65,13.9101273148148,6.63333333333333,"2019",105,67.4944444444444
2019-04-16,15.4111111111111,9.34056712962963,4.92222222222222,"2019",106,70.2
2019-04-17,17.2222222222222,9.79693287037037,2.34444444444444,"2019",107,73.8111111111111
2019-04-18,15.5111111111111,8.57413194444445,2.77222222222222,"2019",108,76.5666666666667
2019-04-19,23.9277777777778,19.6682291666667,15.6777777777778,"2019",109,86.3694444444444
2019-04-20,21.3888888888889,18.5668981481481,16.2,"2019",110,95.1638888888889
2019-04-21,21.0777777777778,16.227662037037,12.3388888888889,"2019",111,101.872222222222
2019-04-22,15.1277777777778,11.6702546296296,8.91666666666666,"2019",112,104.436111111111
2019-04-23,12.6055555555556,9.18165509259259,7.67222222222222,"2019",113,105.738888888889
2019-04-24,18.8666666666667,12.6616898148148,7.69444444444444,"2019",114,110.172222222222
2019-04-25,14.1944444444444,10.1870949074074,5.12777777777778,"2019",115,112.269444444444
2019-04-26,9.01666666666666,7.83310185185185,6.43333333333333,"2019",116,112.269444444444
2019-04-27,12.2666666666667,8.62459490740741,5.64444444444444,"2019",117,113.402777777778
2019-04-28,12.5111111111111,8.01701388888889,5.1,"2019",118,114.658333333333
2019-04-29,16.1055555555556,9.75324074074074,1.77777777777778,"2019",119,117.711111111111
2019-04-30,10.6888888888889,7.65821759259259,3.85555555555555,"2019",120,118.055555555556
2019-05-01,14.6222222222222,9.39467592592593,3.77222222222222,"2019",121,120.366666666667
2019-05-02,8.61666666666667,7.11012731481481,5.92222222222222,"2019",122,120.366666666667
2019-05-03,13.3555555555556,9.73553240740741,6.17777777777778,"2019",123,122.044444444444
2019-05-04,12.7722222222222,10.7381365740741,8.59444444444444,"2019",124,123.430555555556
2019-05-05,10.4944444444444,9.25833333333333,8.44444444444445,"2019",125,123.677777777778
2019-05-06,15.15,10.5668981481481,5.51111111111111,"2019",126,126.252777777778
2019-05-07,24.4833333333333,14.3960069444444,4.3,"2019",127,133.494444444444
2019-05-08,17.9833333333333,13.5234953703704,8.88888888888889,"2019",128,137.486111111111
2019-05-09,14.2388888888889,10.6205439814815,4.89444444444445,"2019",129,139.605555555556
2019-05-10,18.1777777777778,12.7795138888889,9.01666666666666,"2019",130,143.694444444444
2019-05-11,20.7444444444444,16.2215277777778,12.0277777777778,"2019",131,150.080555555556
2019-05-12,11.9277777777778,7.10833333333333,4.32222222222222,"2019",132,151.044444444444
2019-05-13,11.4666666666667,7.60387731481481,4.66111111111111,"2019",133,151.777777777778
2019-05-14,7.67222222222222,5.95457175925926,4.50555555555556,"2019",134,151.777777777778
2019-05-15,15.8166666666667,10.0481481481481,5.51111111111111,"2019",135,154.686111111111
2019-05-16,20.8888888888889,13.3543402777778,6.76111111111111,"2019",136,160.130555555556
2019-05-17,19.0111111111111,12.9166087962963,7.59444444444444,"2019",137,164.636111111111
2019-05-18,22.9444444444444,15.5123842592593,9.70555555555555,"2019",138,171.108333333333
2019-05-19,22.2722222222222,15.7315393518519,9.63333333333333,"2019",139,177.244444444444
2019-05-20,30.2666666666667,21.9564814814815,17.6055555555556,"2019",140,191.180555555556
2019-05-21,20.7222222222222,16.5796296296296,12.75,"2019",141,197.916666666667
2019-05-22,20.0055555555556,14.3384259259259,10.2944444444444,"2019",142,203.066666666667
2019-05-23,20.9833333333333,14.9364583333333,9.65555555555556,"2019",143,208.558333333333
2019-05-24,21.2722222222222,16.5890046296296,9.03888888888889,"2019",144,214.194444444445
2019-05-25,24.1944444444444,16.3734953703704,7.74444444444444,"2019",145,221.291666666667
2019-05-26,30.6444444444444,21.4991898148148,9.85555555555556,"2019",146,231.613888888889
2019-05-27,23.8111111111111,18.9601851851852,15.8166666666667,"2019",147,241.427777777778
2019-05-28,15.6777777777778,12.3651041666667,9.82777777777778,"2019",148,244.266666666667
2019-05-29,11.3222222222222,9.7546875,8.41666666666667,"2019",149,244.927777777778
2019-05-30,18.3888888888889,13.5931712962963,9.38333333333333,"2019",150,249.122222222222
2019-05-31,22.8722222222222,16.9140046296296,12.85,"2019",151,256.983333333333
2019-06-01,22.0833333333333,15.1933449074074,11.5666666666667,"2019",152,263.808333333333
2019-06-02,20.3388888888889,14.2583333333333,10.9055555555556,"2019",153,269.430555555556
2019-06-03,21.6777777777778,16.1272569444444,10.8833333333333,"2019",154,275.711111111111
2019-06-04,21.2444444444444,15.5179398148148,7.06666666666667,"2019",155,281.333333333333
2019-06-05,29.1666666666667,21.3523148148148,14.8888888888889,"2019",156,293.361111111111
2019-06-06,23.9277777777778,20.4030671296296,18.0333333333333,"2019",157,304.341666666667
2019-06-07,24.7722222222222,20.1435185185185,14.3111111111111,"2019",158,313.883333333333
2019-06-08,25.8888888888889,19.733275462963,13.7111111111111,"2019",159,323.683333333333
2019-06-09,27.3555555555556,19.5334490740741,10.5388888888889,"2019",160,332.630555555556
2019-06-10,27.6277777777778,19.9107060185185,10.8333333333333,"2019",161,341.861111111111
2019-06-11,24.2166666666667,20.6978587962963,16.6555555555556,"2019",162,352.297222222222
2019-06-12,26.0388888888889,19.3791052114061,10.8111111111111,"2019",163,360.722222222222
2019-06-13,14.4555555555556,12.1447145061728,10.4166666666667,"2019",164,363.158333333333
2019-06-14,23.3277777777778,16.8974729938272,10.4444444444444,"2019",165,370.044444444445
2019-06-15,27.85,20.8182098765432,13.4277777777778,"2019",166,380.683333333334
2019-06-16,21.7722222222222,19.5497492283951,17.4888888888889,"2019",167,390.313888888889
2019-06-17,26.3055555555556,20.7982060185185,17.2944444444444,"2019",168,402.113888888889
2019-06-18,22.3,19.1715663580247,17.3444444444444,"2019",169,411.936111111111
2019-06-19,24.6555555555556,19.6402777777778,16.25,"2019",170,422.388888888889
2019-06-20,22.0833333333333,19.2608989197531,17.4388888888889,"2019",171,432.15
2019-06-21,21.9166666666667,18.3179398148148,15.2,"2019",172,440.708333333333
2019-06-22,26.3777777777778,19.7412808641975,14.0722222222222,"2019",173,450.933333333334
2019-06-23,29.6388888888889,22.6922646604938,13.9777777777778,"2019",174,462.741666666667
2019-06-24,29.7388888888889,22.2703125,15.0333333333333,"2019",175,475.127777777778
2019-06-25,24.3166666666667,19.6010802469136,14.4833333333333,"2019",176,484.527777777778
2019-06-26,24.7,20.3950038580247,16.8444444444444,"2019",177,495.3
2019-06-27,26.1833333333333,20.0346836419753,15.2,"2019",178,505.991666666667
2019-06-28,32.7666666666667,24.8371141975309,16.8444444444444,"2019",179,520.797222222222
2019-06-29,30.0166666666667,23.2623070987654,18.9611111111111,"2019",180,535.286111111111
2019-06-30,24.4111111111111,20.0022183641975,15.8166666666667,"2019",181,545.4
2019-07-01,29.3166666666667,21.734375,15.2,"2019",182,557.658333333334
2019-07-02,29.8166666666667,23.2792438271605,18.4388888888889,"2019",183,571.786111111111
2019-07-03,32.5888888888889,25.7591820987654,17.7,"2019",184,586.930555555556
2019-07-04,31.05,25.5923804012346,18.7722222222222,"2019",185,601.841666666667
2019-07-05,32.0722222222222,25.7326774691358,18.5111111111111,"2019",186,617.133333333334
2019-07-06,33.7833333333333,26.0291280864198,21.8888888888889,"2019",187,634.969444444445
2019-07-07,27.5277777777778,21.8423611111111,16.75,"2019",188,647.108333333334
2019-07-08,26.7666666666667,21.045775462963,15.7,"2019",189,658.341666666667
2019-07-09,30.8,23.4054398148148,15.0333333333333,"2019",190,671.258333333334
2019-07-10,32.6111111111111,24.4363811728395,16.9166666666667,"2019",191,686.022222222223
2019-07-11,28.9388888888889,23.3038773148148,18.5777777777778,"2019",192,699.780555555556
2019-07-12,30.6722222222222,22.9782793209877,20.6722222222222,"2019",193,715.452777777778
2019-07-13,30.95,24.863175154321,19.2722222222222,"2019",194,730.563888888889
2019-07-14,32.3277777777778,26.3315200617284,20.8666666666667,"2019",195,747.161111111111
2019-07-15,28.8888888888889,23.3885609567901,18.3444444444444,"2019",196,760.777777777778
2019-07-16,30.9222222222222,24.203549382716,15.65,"2019",197,774.063888888889
2019-07-17,33.4444444444444,25.5953317901235,21.5333333333333,"2019",198,791.552777777778
2019-07-18,23.2333333333333,20.0889467592593,16.5555555555556,"2019",199,801.447222222223
2019-07-19,33.2888888888889,24.8699459876543,16.4166666666667,"2019",200,816.3
2019-07-20,35.3666666666667,30.1661072530864,24.6277777777778,"2019",201,836.297222222223
2019-07-21,34.9666666666667,29.7063850308642,25.4055555555556,"2019",202,856.483333333334
2019-07-22,28.4166666666667,23.4844714506173,18.8166666666667,"2019",203,870.1
2019-07-23,20.8888888888889,18.117650462963,15.5555555555556,"2019",204,878.322222222223
2019-07-24,26.1111111111111,20.5874228395062,16.7222222222222,"2019",205,889.738888888889
2019-07-25,26.5,21.5223958333333,15.9888888888889,"2019",206,900.983333333334
2019-07-26,29.1166666666667,22.9241898148148,15.6777777777778,"2019",207,913.380555555556
2019-07-27,29.8666666666667,23.0469521604938,17.5555555555556,"2019",208,927.091666666667
2019-07-28,33.3888888888889,25.6853202160494,18.0333333333333,"2019",209,942.802777777778
2019-07-29,33.4666666666667,27.0971064814815,21.8444444444444,"2019",210,960.458333333334
2019-07-30,34.6777777777778,27.9346450617284,21.9388888888889,"2019",211,978.766666666667
2019-07-31,34.15,25.0586033950617,20.7944444444444,"2019",212,996.238888888889
2019-08-01,30.5222222222222,23.9473186728395,17.9611111111111,"2019",213,1010.48055555556
2019-08-02,29.7888888888889,22.426986882716,14.8166666666667,"2019",214,1022.78333333333
2019-08-03,30.3444444444444,23.9881365740741,18.8166666666667,"2019",215,1037.36388888889
2019-08-04,28.9166666666667,23.9611882716049,19.7444444444444,"2019",216,1051.69444444444
2019-08-05,28.8166666666667,21.8982445987654,13.6166666666667,"2019",217,1062.91111111111
2019-08-06,26.3055555555556,21.6353395061728,16.6055555555556,"2019",218,1074.36666666667
2019-08-07,28.8888888888889,23.5514274691358,18.8666666666667,"2019",219,1088.24444444444
2019-08-08,30.4944444444444,24.2882908950617,19.4388888888889,"2019",220,1103.21111111111
2019-08-09,29.5888888888889,22.9586226851852,16.7,"2019",221,1116.35555555556
2019-08-10,26.9888888888889,20.3928240740741,14.4111111111111,"2019",222,1127.05555555556
2019-08-11,26.55,19.8896990740741,12.2666666666667,"2019",223,1136.46388888889
2019-08-12,29.5666666666667,22.8518711419753,14.7444444444444,"2019",224,1148.61944444444
2019-08-13,25.6222222222222,23.3139467592593,20.7722222222222,"2019",225,1161.81666666667
2019-08-14,24.6555555555556,20.7463348765432,16.4611111111111,"2019",226,1172.375
2019-08-15,24.0722222222222,19.1427662037037,15.5555555555556,"2019",227,1182.18888888889
2019-08-16,24.2166666666667,19.7024112654321,15.3166666666667,"2019",228,1191.95555555556
2019-08-17,26.0611111111111,22.1662229938272,20.1722222222222,"2019",229,1205.07222222222
2019-08-18,30.8222222222222,24.5748649691358,20.7,"2019",230,1220.83333333333
2019-08-19,33.6,26.2070794753086,21.6777777777778,"2019",231,1238.47222222222
2019-08-20,31.9944444444444,24.0044560185185,18.65,"2019",232,1253.79444444444
2019-08-21,29.9166666666667,23.499112654321,18.2222222222222,"2019",233,1267.86388888889
2019-08-22,32.6888888888889,25.7701967592593,20.2666666666667,"2019",234,1284.34166666667
2019-08-23,26.0111111111111,21.7701581790123,17.9833333333333,"2019",235,1296.33888888889
2019-08-24,22.1555555555556,18.0567322530864,13.2555555555556,"2019",236,1304.04444444444
2019-08-25,19.7,16.6635802469136,12.5111111111111,"2019",237,1310.15
2019-08-26,21.8888888888889,16.2103009259259,11.2944444444444,"2019",238,1316.74166666667
2019-08-27,25.3055555555556,17.6784915123457,9.65555555555556,"2019",239,1324.39444444444
2019-08-28,26.2777777777778,19.7888310185185,14.05,"2019",240,1334.55833333333
2019-08-29,29.3388888888889,22.4957175925926,18.3166666666667,"2019",241,1348.38611111111
2019-08-30,29.7166666666667,22.1940200617284,13.6666666666667,"2019",242,1360.07777777778
2019-08-31,26.0388888888889,20.5925733024691,14.8166666666667,"2019",243,1370.50555555556
2019-09-01,21.7944444444444,17.7532407407407,11.7833333333333,"2019",244,1377.29444444444
2019-09-02,25.0666666666667,18.9679976851852,14.1222222222222,"2019",245,1386.88888888889
2019-09-03,26.4777777777778,20.179899691358,15.8166666666667,"2019",246,1398.03611111111
2019-09-04,29.2888888888889,22.2443287037037,16.2944444444444,"2019",247,1410.82777777778
2019-09-05,21.3666666666667,17.0190586419753,11.9277777777778,"2019",248,1417.475
2019-09-06,18.6777777777778,15.9855709876543,11.6111111111111,"2019",249,1422.61944444444
2019-09-07,22.8722222222222,16.1929976851852,11.2722222222222,"2019",250,1429.69166666667
2019-09-08,24.8944444444444,17.949324845679,12.3888888888889,"2019",251,1438.33333333333
2019-09-09,22.9444444444444,16.8988811728395,10.3944444444444,"2019",252,1445.00277777778
2019-09-10,22.3222222222222,18.3173611111111,14.1722222222222,"2019",253,1453.25
2019-09-11,29.7888888888889,23.4523919753086,18.4388888888889,"2019",254,1467.36388888889
2019-09-12,21.3666666666667,16.4298804012346,10.8611111111111,"2019",255,1473.47777777778
2019-09-13,18.25,13.7980131172839,8.02222222222222,"2019",256,1477.60277777778
2019-09-14,20.8166666666667,15.1629050925926,6.48333333333333,"2019",257,1483.01111111111
2019-09-15,26.3555555555556,20.683024691358,16.0555555555556,"2019",258,1494.21666666667
2019-09-16,22.75,17.2187885802469,11.2222222222222,"2019",259,1501.20277777778
2019-09-17,19.7722222222222,14.5784143518519,9.41111111111111,"2019",260,1506.08888888889
2019-09-18,16.4166666666667,13.0180362654321,6.88888888888889,"2019",261,1509.29722222222
2019-09-19,19.6722222222222,11.9052854938272,5.58888888888889,"2019",262,1514.13333333333
2019-09-20,26.6,15.9098765432099,6.17777777777778,"2019",263,1522.43333333333
2019-09-21,29.2888888888889,20.4907793209877,12.0277777777778,"2019",264,1533.09166666667
2019-09-22,30.1166666666667,21.8953896604938,13.7611111111111,"2019",265,1545.03055555556
2019-09-23,32.0444444444444,24.2906828703704,18.9833333333333,"2019",266,1560.54444444444
2019-09-24,26.1555555555556,20.2358410493827,15.2722222222222,"2019",267,1571.25833333333
2019-09-25,23.6888888888889,16.0950810185185,11.0055555555556,"2019",268,1578.60555555556
2019-09-26,27.6055555555556,17.6918981481481,11.25,"2019",269,1588.03333333333
2019-09-27,23.8333333333333,16.3499421296296,10.2222222222222,"2019",270,1595.06111111111
2019-09-28,26.6722222222222,19.1087384259259,11.9555555555556,"2019",271,1604.375
2019-09-29,23.6666666666667,19.1056327160494,13.8555555555556,"2019",272,1613.13611111111
2019-09-30,16.6055555555556,12.9911844135802,9.65555555555556,"2019",273,1616.43888888889
2019-10-01,21.6277777777778,16.5766782407407,12.2166666666667,"2019",274,1623.36111111111
2019-10-02,24.1944444444444,19.1233603395062,12.1222222222222,"2019",275,1631.51944444444
2019-10-03,12.1222222222222,10.4373263888889,8.69444444444444,"2019",276,1632.58055555556
2019-10-04,15.5555555555556,11.2106095679012,6.61111111111111,"2019",277,1635.35833333333
2019-10-05,15.75,7.98998842592593,2.47777777777778,"2019",278,1638.23333333333
2019-10-06,19.5055555555556,12.6774691358025,1.91111111111111,"2019",279,1642.98611111111
2019-10-07,25.8388888888889,21.0621141975309,14.6722222222222,"2019",280,1653.24166666667
2019-10-08,17.0833333333333,14.4526234567901,12.7,"2019",281,1658.13333333333
2019-10-09,14.5277777777778,13.001986882716,11.2722222222222,"2019",282,1661.03333333333
2019-10-10,13.8555555555556,12.0150655864198,9.60555555555555,"2019",283,1662.96111111111
2019-10-11,13.1611111111111,11.3923418209877,10.1,"2019",284,1664.59166666667
2019-10-12,13.1833333333333,11.1767939814815,8.66666666666667,"2019",285,1666.18333333333
2019-10-13,20.8666666666667,12.7322916666667,7.97222222222222,"2019",286,1671.61666666667
2019-10-14,21.1722222222222,13.5688657407407,7.99444444444444,"2019",287,1677.20277777778
2019-10-15,16.8888888888889,10.6492283950617,4.94444444444444,"2019",288,1680.64722222222
2019-10-16,16.5111111111111,10.4835262345679,3.11666666666667,"2019",289,1683.90277777778
2019-10-17,16.1055555555556,11.6474344135802,9.63333333333333,"2019",290,1686.95555555556
2019-10-18,15.5333333333333,10.4873649691358,4.47777777777778,"2019",291,1689.72222222222
2019-10-19,15.9388888888889,7.53601466049383,1.72222222222222,"2019",292,1692.69166666667
2019-10-20,16.4166666666667,8.95956790123457,1.47777777777778,"2019",293,1695.9
2019-10-21,16.5111111111111,12.1584683641975,7.06666666666667,"2019",294,1699.15555555556
2019-10-22,14.5055555555556,11.4486689814815,6.61111111111111,"2019",295,1701.40833333333
2019-10-23,19.9333333333333,14.0462770061728,6.73888888888889,"2019",296,1706.375
2019-10-24,20.2444444444444,11.6592592592593,3.40555555555556,"2019",297,1711.49722222222
2019-10-25,18.2944444444444,12.0424575617284,7.08888888888889,"2019",298,1715.64444444444
2019-10-26,15.4611111111111,10.3550733024691,5.46111111111111,"2019",299,1718.375
2019-10-27,11.9777777777778,9.27604166666667,5.30555555555555,"2019",300,1719.36388888889
2019-10-28,11.4666666666667,9.93190586419753,8.79444444444444,"2019",301,1720.09722222222
2019-10-29,13.3777777777778,11.1474729938272,9.18888888888889,"2019",302,1721.78611111111
2019-10-30,19.5777777777778,13.9592206790123,10.7611111111111,"2019",303,1726.95555555556
2019-10-31,20.8666666666667,18.3284915123457,14.3611111111111,"2019",304,1734.56944444444
2019-11-01,21.1055555555556,12.3936342592593,3.69444444444444,"2019",305,1740.12222222222
2019-11-02,11.8777777777778,4.66448688271605,-1.18333333333333,"2019",306,1741.06111111111
2019-11-03,12.5555555555556,5.21992669753087,-0.31111111111111,"2019",307,1742.33888888889
2019-11-04,12.75,5.72085262345679,-1.35555555555556,"2019",308,1743.71388888889
2019-11-05,13.8333333333333,9.57256944444444,3.01111111111111,"2019",309,1745.63055555556
2019-11-06,11.9777777777778,6.26466049382716,-0.00555555555555642,"2019",310,1746.61944444444
2019-11-07,13.9055555555556,7.6210262345679,-0.422222222222223,"2019",311,1748.57222222222
2019-11-08,3.67222222222222,-0.0639467592592585,-3.27222222222222,"2019",312,1748.57222222222
2019-11-09,5,-1.02374614197531,-6.13333333333333,"2019",313,1748.57222222222
2019-11-10,11.6388888888889,3.66238425925926,-3.6,"2019",314,1749.39166666667
2019-11-11,12.1444444444444,7.48128858024691,2.98333333333333,"2019",315,1750.46388888889
2019-11-12,5.56666666666667,1.36890432098766,-5.29444444444445,"2019",316,1750.46388888889
2019-11-13,-0.172222222222221,-5.17417052469136,-8.49444444444444,"2019",317,1750.46388888889
2019-11-14,4.08888888888889,-2.08888888888889,-9.13333333333333,"2019",318,1750.46388888889
2019-11-15,11.7611111111111,4.36141975308642,-2.21666666666667,"2019",319,1751.34444444444
2019-11-16,3.53888888888889,-1.08045910493827,-4.13888888888889,"2019",320,1751.34444444444
2019-11-17,5.12777777777778,-0.475327932098765,-4.56111111111111,"2019",321,1751.34444444444
2019-11-18,3.90555555555556,2.27540509259259,0.3,"2019",322,1751.34444444444
2019-11-19,7.01666666666667,4.87482638888889,3.32777777777778,"2019",323,1751.34444444444
2019-11-20,4.55555555555556,3.22586805555556,2.07222222222222,"2019",324,1751.34444444444
2019-11-21,9.06666666666667,3.53888888888889,0.32777777777778,"2019",325,1751.34444444444
2019-11-22,12.4111111111111,7.05462962962963,2.05,"2019",326,1752.55
2019-11-23,7.64444444444444,2.84513888888889,-1.55555555555556,"2019",327,1752.55
2019-11-24,7.31666666666667,4.22928240740741,2.02222222222222,"2019",328,1752.55
2019-11-25,11.5666666666667,6.48283179012346,3.01111111111111,"2019",329,1753.33333333333
2019-11-26,16.6277777777778,8.3694637345679,1.15555555555555,"2019",330,1756.64722222222
2019-11-27,10.4944444444444,7.03387345679012,1.45,"2019",331,1756.89444444444
2019-11-28,9.80555555555556,4.78524305555555,0.161111111111111,"2019",332,1756.89444444444
2019-11-29,4.76666666666667,0.951485339506173,-1.9,"2019",333,1756.89444444444
2019-11-30,3.06111111111111,-1.37627314814815,-4.89444444444444,"2019",334,1756.89444444444
2019-12-01,1.12777777777778,-2.85138888888889,-8.16666666666667,"2019",335,1756.89444444444
2019-12-02,3.61666666666667,0.784664351851853,-2.86111111111111,"2019",336,1756.89444444444
2019-12-03,0.105555555555554,-1.55221836419753,-4.46666666666667,"2019",337,1756.89444444444
2019-12-04,2.74444444444444,-0.413213734567901,-4.40555555555556,"2019",338,1756.89444444444
2019-12-05,6.53333333333333,1.3373649691358,-1.75555555555556,"2019",339,1756.89444444444
2019-12-06,2.34444444444444,-1.35432098765432,-5.05,"2019",340,1756.89444444444
2019-12-07,1.28888888888889,-2.91550925925926,-8.42777777777778,"2019",341,1756.89444444444
2019-12-08,3.08888888888889,-3.28495370370371,-10.4777777777778,"2019",342,1756.89444444444
2019-12-09,14.6222222222222,9.21176697530864,3.25,"2019",343,1759.20555555555
2019-12-10,15.9388888888889,12.191300154321,3.77222222222222,"2019",344,1762.175
2019-12-11,3.72222222222222,-0.903028549382716,-3.65555555555555,"2019",345,1762.175
2019-12-12,-0.422222222222223,-3.66793981481481,-6.54444444444445,"2019",346,1762.175
2019-12-13,7.03888888888889,1.23069058641975,-6.57777777777778,"2019",347,1762.175
2019-12-14,15.2944444444444,12.1724729938272,7.03888888888889,"2019",348,1764.82222222222
2019-12-15,11.15,5.48429783950617,-0.477777777777777,"2019",349,1765.39722222222
2019-12-16,0.244444444444443,-1.40443672839506,-2.91666666666667,"2019",350,1765.39722222222
2019-12-17,1.96666666666667,-1.65507330246914,-4.01666666666667,"2019",351,1765.39722222222
2019-12-18,2.58333333333333,-1.26622299382716,-6.01111111111111,"2019",352,1765.39722222222
2019-12-19,-4.92777777777778,-8.42222222222222,-11.6111111111111,"2019",353,1765.39722222222
2019-12-20,-0.0333333333333326,-5.91738040123457,-10.1944444444444,"2019",354,1765.39722222222
2019-12-21,0.438888888888888,-3.77561728395062,-9.23333333333333,"2019",355,1765.39722222222
2019-12-22,6.51111111111111,1.09465663580247,-2.62222222222222,"2019",356,1765.39722222222
2019-12-23,13.1388888888889,5.81338734567901,-2.04444444444444,"2019",357,1766.96666666667
2019-12-24,7.21666666666667,3.76440972222222,-2.07222222222222,"2019",358,1766.96666666667
2019-12-25,6.56111111111111,0.544020061728395,-2.74444444444444,"2019",359,1766.96666666667
2019-12-26,4.45555555555556,0.798013117283951,-2.04444444444444,"2019",360,1766.96666666667
2019-12-27,9.63333333333333,5.21630015432099,-0.2,"2019",361,1766.96666666667
2019-12-28,9.60555555555555,5.30520833333333,0.438888888888888,"2019",362,1766.96666666667
2019-12-29,6.91666666666667,2.21884645061728,-2.07222222222222,"2019",363,1766.96666666667
2019-12-30,3.16666666666667,1.76365740740741,0.850000000000001,"2019",364,1766.96666666667
2019-12-31,4.97222222222222,2.64353780864198,1.34444444444445,"2019",365,1766.96666666667
2020-01-01,4.61111111111111,2.00075231481481,0.161111111111111,"2020",1,0
2020-01-02,8.56666666666667,3.39735725308642,-1.92777777777778,"2020",2,0
2020-01-03,9.33888888888889,7.07606095679012,4.76666666666667,"2020",3,0
2020-01-04,7.08888888888889,5.64189814814815,2.71666666666667,"2020",4,0
2020-01-05,3.11666666666667,0.99940200617284,-2.07222222222222,"2020",5,0
2020-01-06,2.39444444444445,-1.24091435185185,-5.85555555555556,"2020",6,0
2020-01-07,5.02222222222222,1.1908950617284,-2.91666666666667,"2020",7,0
2020-01-08,5.36111111111111,0.670331790123457,-3.45,"2020",8,0
2020-01-09,-1.07222222222222,-4.47934027777778,-7.25,"2020",9,0
2020-01-10,10.7111111111111,4.35370370370371,-4.62222222222222,"2020",10,0.355555555555556
2020-01-11,19.7944444444444,14.5549961419753,8.64444444444445,"2020",11,5.25277777777778
2020-01-12,21.7944444444444,14.9304976851852,3.03333333333333,"2020",12,11.15
2020-01-13,4.3,2.15368441358025,0.633333333333334,"2020",13,11.15
2020-01-14,4.4,2.68435570987654,0.905555555555557,"2020",14,11.15
2020-01-15,9.43333333333333,4.52552083333333,-0.927777777777779,"2020",15,11.15
2020-01-16,6.78888888888889,2.00194830246914,-2.88888888888889,"2020",16,11.15
2020-01-17,-3.03333333333333,-7.83993055555556,-10.9666666666667,"2020",17,11.15
2020-01-18,-4.07777777777778,-8.48993055555555,-11.8333333333333,"2020",18,11.15
2020-01-19,6.86666666666667,-0.95511188271605,-6.38888888888889,"2020",19,11.15
2020-01-20,-1.84444444444444,-6.45067515432099,-9.47222222222222,"2020",20,11.15
2020-01-21,-2.88888888888889,-7.85204475308642,-10.9666666666667,"2020",21,11.15
2020-01-22,3.32777777777778,-4.73279320987654,-11.4333333333333,"2020",22,11.15
2020-01-23,9.21111111111111,0.43545524691358,-7.77222222222222,"2020",23,11.15
2020-01-24,7.79444444444445,2.76942515432099,-2.36111111111111,"2020",24,11.15
2020-01-25,10.6888888888889,5.62887731481482,3.64444444444445,"2020",25,11.4944444444444
2020-01-26,10.3222222222222,5.84050925925926,2.45,"2020",26,11.6555555555556
2020-01-27,7.59444444444444,3.91033950617284,1.58888888888889,"2020",27,11.6555555555556
2020-01-28,4.32222222222222,2.38395061728395,0.161111111111111,"2020",28,11.6555555555556
2020-01-29,4.3,0.276138117283951,-3.53888888888889,"2020",29,11.6555555555556
2020-01-30,2.92777777777778,-3.22241512345679,-7.80555555555556,"2020",30,11.6555555555556
2020-01-31,7.19444444444445,0.461111111111111,-5.78888888888889,"2020",31,11.6555555555556
2020-02-01,4.01111111111111,1.53043981481481,-2.16111111111111,"2020",32,11.6555555555556
2020-02-02,5.66666666666667,1.89373070987654,-2.18888888888889,"2020",33,11.6555555555556
2020-02-03,8.14444444444444,2.10868055555556,-3.45,"2020",34,11.6555555555556
2020-02-04,8.44444444444445,3.18616898148148,-1.78333333333333,"2020",35,11.6555555555556
2020-02-05,5.53888888888889,2.60542052469136,-1.21111111111111,"2020",36,11.6555555555556
2020-02-06,3.53888888888889,1.84326774691358,-0.844444444444444,"2020",37,11.6555555555556
2020-02-07,12.5333333333333,2.10115740740741,-2.97777777777778,"2020",38,12.9222222222222
2020-02-08,1.47777777777778,-2.81786265432099,-5.85555555555556,"2020",39,12.9222222222222
2020-02-09,2.23333333333334,-3.00196759259259,-9.23333333333333,"2020",40,12.9222222222222
2020-02-10,6.71111111111111,4.95449459876543,2.05,"2020",41,12.9222222222222
2020-02-11,5.25555555555556,3.81003086419753,2.63888888888889,"2020",42,12.9222222222222
2020-02-12,6.81111111111111,3.47519290123457,0.905555555555557,"2020",43,12.9222222222222
2020-02-13,3.51111111111111,1.8602237654321,0.188888888888891,"2020",44,12.9222222222222
2020-02-14,2.39444444444445,-4.34336419753086,-12.0111111111111,"2020",45,12.9222222222222
2020-02-15,-1.07222222222222,-7.8345100308642,-14.1222222222222,"2020",46,12.9222222222222
2020-02-16,6.02777777777778,1.04959490740741,-4.19444444444444,"2020",47,12.9222222222222
2020-02-17,7.46666666666667,1.89131944444444,-2.56666666666667,"2020",48,12.9222222222222
2020-02-18,3.93333333333333,1.43979552469136,-2.71111111111111,"2020",49,12.9222222222222
2020-02-19,6.48333333333333,2.76290509259259,-2.16111111111111,"2020",50,12.9222222222222
2020-02-20,0.244444444444443,-3.12997685185185,-6.57777777777778,"2020",51,12.9222222222222
2020-02-21,0.0777777777777781,-5.20165895061728,-10.3722222222222,"2020",52,12.9222222222222
2020-02-22,7.84444444444444,1.31664737654321,-4.74444444444444,"2020",53,12.9222222222222
2020-02-23,13.1388888888889,4.48771219135802,-3.21111111111111,"2020",54,14.4916666666667
2020-02-24,17.4888888888889,7.81996527777778,-0.505555555555556,"2020",55,18.2361111111111
2020-02-25,11.8777777777778,7.61126543209877,5.46111111111111,"2020",56,19.175
2020-02-26,8.44444444444445,5.99155092592593,4.86666666666667,"2020",57,19.175
2020-02-27,10.7111111111111,4.69423225308642,-1.3,"2020",58,19.5305555555556
2020-02-28,3.67222222222222,-0.137287808641975,-2.8,"2020",59,19.5305555555556
2020-02-29,2.55555555555556,-2.42662037037037,-6.07222222222222,"2020",60,19.5305555555556
2020-03-01,1.17777777777778,-3.81977237654321,-7.9,"2020",61,19.5305555555556
2020-03-02,12.7,4.43458719135803,-6.45,"2020",62,20.8805555555556
2020-03-03,19.4111111111111,11.6040509259259,7.89444444444444,"2020",63,25.5861111111111
2020-03-04,10.6611111111111,7.9044174382716,4.76666666666667,"2020",64,25.9166666666667
2020-03-05,11.9277777777778,5.54484953703704,0.133333333333334,"2020",65,26.8805555555556
2020-03-06,7.79444444444445,2.95426311728395,-2.36111111111111,"2020",66,26.8805555555556
2020-03-07,6.91666666666667,2.14189814814815,-1.3,"2020",67,26.8805555555556
2020-03-08,12.7277777777778,4.99164653784219,-2.82777777777778,"2020",68,28.2444444444444
2020-03-09,23.5944444444444,14.3165509259259,5.23333333333333,"2020",69,35.0416666666667
2020-03-10,20.5777777777778,14.2174382716049,7.08888888888889,"2020",70,40.3305555555556
2020-03-11,14.8666666666667,9.01030092592593,4.79444444444445,"2020",71,42.7638888888889
2020-03-12,6.98888888888889,4.4509837962963,-0.78888888888889,"2020",72,42.7638888888889
2020-03-13,16.9888888888889,9.06954089506173,4.32222222222222,"2020",73,46.2583333333333
2020-03-14,12.1722222222222,7.15150462962963,2.92777777777778,"2020",74,47.3444444444444
2020-03-15,8.91666666666666,4.51628086419753,-0.116666666666667,"2020",75,47.3444444444444
2020-03-16,1.45,-1.00677083333333,-4.01666666666667,"2020",76,47.3444444444444
2020-03-17,7.46666666666667,3.49251543209877,-1.21111111111111,"2020",77,47.3444444444444
2020-03-18,13.0666666666667,6.14257330246914,-0.677777777777777,"2020",78,48.8777777777778
2020-03-19,5.74444444444445,4.83109567901235,3.93333333333333,"2020",79,48.8777777777778
2020-03-20,20.6722222222222,11.6474151234568,3.58888888888889,"2020",80,54.2138888888889
2020-03-21,15.8166666666667,6.62650462962963,0.68888888888889,"2020",81,57.1222222222222
2020-03-22,2.05,-0.945891203703704,-3.38888888888889,"2020",82,57.1222222222222
2020-03-23,4.73888888888889,0.862924382716049,-2.94444444444444,"2020",83,57.1222222222222
2020-03-24,10.0277777777778,4.75871913580247,1.15555555555555,"2020",84,57.1361111111111
2020-03-25,6.43333333333333,4.52222222222222,2.82222222222222,"2020",85,57.1361111111111
2020-03-26,9.43333333333333,4.91448688271605,0.3,"2020",86,57.1361111111111
2020-03-27,17.1055555555556,11.2877700617284,5.38333333333333,"2020",87,60.6888888888889
2020-03-28,12.5833333333333,7.01300154320988,-0.338888888888889,"2020",88,61.9805555555555
2020-03-29,7.01666666666667,5.21051311728395,3.69444444444444,"2020",89,61.9805555555555
2020-03-30,6.12777777777778,4.30210262345679,2.47777777777778,"2020",90,61.9805555555555
2020-03-31,5,2.33240740740741,-1.07222222222222,"2020",91,61.9805555555555
2020-04-01,7.19444444444445,3.27359182098765,-1.55555555555556,"2020",92,61.9805555555555
2020-04-02,8.83888888888889,5.41161265432099,3.72222222222222,"2020",93,61.9805555555555
2020-04-03,6.93888888888889,6.02029320987654,4.27222222222222,"2020",94,61.9805555555555
2020-04-04,8.36666666666667,5.25293209876543,3.72222222222222,"2020",95,61.9805555555555
2020-04-05,15.3166666666667,8.43385416666667,3.85555555555555,"2020",96,64.6388888888889
2020-04-06,17.2722222222222,10.5271797839506,4.81666666666667,"2020",97,68.275
2020-04-07,17.8888888888889,11.573013117284,6.20555555555556,"2020",98,72.2194444444444
2020-04-08,11.25,8.18740354938272,5.97222222222222,"2020",99,72.8444444444444
2020-04-09,9.13888888888889,6.97544367283951,4.66111111111111,"2020",100,72.8444444444444
2020-04-10,9.26111111111111,5.6233024691358,3.16666666666667,"2020",101,72.8444444444444
2020-04-11,11.8777777777778,6.45740740740741,2.05,"2020",102,73.7833333333333
2020-04-12,16.6777777777778,8.64012345679012,-1.07222222222222,"2020",103,77.1222222222222
2020-04-13,16.2722222222222,14.0287229938272,10.5166666666667,"2020",104,80.5166666666667
2020-04-14,15.4111111111111,11.016763117284,7.31666666666667,"2020",105,83.2222222222222
2020-04-15,12.3666666666667,7.24265046296296,0.3,"2020",106,84.4055555555556
2020-04-16,8.56666666666667,4.12565586419753,-0.144444444444445,"2020",107,84.4055555555556
2020-04-17,10.4444444444444,5.41437114197531,-0.366666666666667,"2020",108,84.6277777777778
2020-04-18,6.46111111111111,2.48144290123457,0.0777777777777781,"2020",109,84.6277777777778
2020-04-19,17.1277777777778,8.5315200617284,-0.622222222222223,"2020",110,88.1916666666667
2020-04-20,10.2944444444444,7.16494984567901,0.383333333333332,"2020",111,88.3388888888889
2020-04-21,13.4,5.22671682098765,-0.927777777777779,"2020",112,90.0388888888889
2020-04-22,7.67222222222222,3.60887345679012,0.244444444444443,"2020",113,90.0388888888889
2020-04-23,13.6666666666667,6.61116898148148,-1.52777777777778,"2020",114,91.8722222222222
2020-04-24,7.11666666666667,5.45082947530864,1.99444444444445,"2020",115,91.8722222222222
2020-04-25,15.1055555555556,8.81956018518519,0.98888888888889,"2020",116,94.425
2020-04-26,9.65555555555556,6.62008101851852,4.32222222222222,"2020",117,94.425
2020-04-27,5.20555555555555,3.9708912037037,2.63888888888889,"2020",118,94.425
2020-04-28,9.51111111111111,5.72395833333333,2.95555555555556,"2020",119,94.425
2020-04-29,11.5666666666667,7.17536651234568,0.82222222222222,"2020",120,95.2083333333333
2020-04-30,12.5833333333333,8.86136188271605,6.96666666666667,"2020",121,96.5
2020-05-01,19.1722222222222,14.0211612654321,10.3222222222222,"2020",122,101.247222222222
2020-05-02,21.3444444444444,14.3301697530864,7.54444444444444,"2020",123,106.919444444444
2020-05-03,27.1111111111111,19.1208140432099,12.0722222222222,"2020",124,116.511111111111
2020-05-04,22.1555555555556,16.1293981481481,8.98888888888889,"2020",125,122.588888888889
2020-05-05,15.1277777777778,10.2772762345679,6.27777777777778,"2020",126,125.152777777778
2020-05-06,12.2666666666667,7.70200617283951,1.42777777777778,"2020",127,126.286111111111
2020-05-07,18.2944444444444,11.2194444444444,3.22222222222222,"2020",128,130.433333333333
2020-05-08,14.4833333333333,9.50952932098765,5.51111111111111,"2020",129,132.675
2020-05-09,7.39444444444445,4.37962962962963,1.42777777777778,"2020",130,132.675
2020-05-10,16.3444444444444,8.22125771604938,0.772222222222222,"2020",131,135.847222222222
2020-05-11,19.0111111111111,10.5087577160494,5.20555555555555,"2020",132,140.352777777778
2020-05-12,14.4833333333333,8.91331018518519,4.3,"2020",133,142.594444444444
2020-05-13,15.9166666666667,9.33636188271605,1.93888888888889,"2020",134,145.552777777778
2020-05-14,22.2722222222222,13.8073881172839,2.90555555555555,"2020",135,151.688888888889
2020-05-15,27.0888888888889,18.0077546296296,11.0555555555556,"2020",136,160.761111111111
2020-05-16,20.6,15.806462191358,7.56666666666666,"2020",137,166.061111111111
2020-05-17,20.3888888888889,14.1276427469136,7.46666666666667,"2020",138,171.255555555556
2020-05-18,15.3888888888889,12.2881172839506,8.39444444444444,"2020",139,173.95
2020-05-19,12.9666666666667,10.430150462963,6.40555555555556,"2020",140,175.433333333333
2020-05-20,16.0833333333333,11.3058641975309,4.4,"2020",141,178.475
2020-05-21,26.1333333333333,15.1591049382716,4.01111111111111,"2020",142,186.541666666667
2020-05-22,28.7666666666667,20.6662229938272,11.5388888888889,"2020",143,196.694444444444
2020-05-23,21.9166666666667,14.4299768518519,8.76666666666667,"2020",144,202.652777777778
2020-05-24,13.2833333333333,8.43279320987654,-511.6,"2020",145,204.294444444444
2020-05-25,17.4388888888889,11.5824266975309,9.01666666666666,"2020",146,208.013888888889
2020-05-26,25.5722222222222,18.8450038580247,10.9055555555556,"2020",147,216.252777777778
2020-05-27,30.0666666666667,22.3771990740741,16.3444444444444,"2020",148,229.458333333333
2020-05-28,26.0388888888889,21.824324845679,18.1777777777778,"2020",149,241.566666666667
2020-05-29,27.2111111111111,22.9481481481481,19.9111111111111,"2020",150,255.127777777778
2020-05-30,27.5777777777778,22.3654706790123,16.2,"2020",151,267.016666666667
2020-05-31,19.8166666666667,16.0491898148148,9.43333333333333,"2020",152,271.925
2020-06-01,18.6777777777778,12.3896219135802,5.25555555555556,"2020",153,276.263888888889
2020-06-02,23.5444444444444,15.3703317901235,5.28333333333333,"2020",154,283.036111111111
2020-06-03,28.0222222222222,20.6978587962963,12.6055555555556,"2020",155,293.35
2020-06-04,31.6611111111111,23.5617283950617,14.1444444444444,"2020",156,306.252777777778
2020-06-05,27.5777777777778,22.6321952160494,18.7944444444444,"2020",157,319.438888888889
2020-06-06,32.25,22.7462770061728,15.15,"2020",158,333.138888888889
2020-06-07,20.15,15.4257716049383,11.9555555555556,"2020",159,339.191666666667
2020-06-08,25.5277777777778,18.198649691358,8.96666666666667,"2020",160,346.955555555556
2020-06-09,26.7222222222222,19.4553433641975,12.3888888888889,"2020",161,356.511111111111
2020-06-10,20.15,17.5280864197531,14.9611111111111,"2020",162,364.066666666667
2020-06-11,24.6777777777778,20.4987847222222,16.7944444444444,"2020",163,374.802777777778
2020-06-12,29.2666666666667,21.9520447530864,-511.6,"2020",164,384.436111111111
2020-06-13,22.3444444444444,17.722337962963,13.9777777777778,"2020",165,392.597222222222
2020-06-14,20.3166666666667,15.4541859567901,11.0055555555556,"2020",166,398.258333333333
2020-06-15,19.7,15.4458719135802,10.2,"2020",167,403.208333333333
2020-06-16,23.1611111111111,16.9554591049383,8.51666666666667,"2020",168,409.788888888889
2020-06-17,26.3555555555556,19.8031828703704,8.69444444444444,"2020",169,417.966666666667
2020-06-18,31.3833333333333,23.6013310185185,14.65,"2020",170,430.983333333333
2020-06-19,31.3333333333333,25.1199074074074,19.5055555555556,"2020",171,446.402777777778
2020-06-20,34.1222222222222,26.7932098765432,19.3166666666667,"2020",172,463.122222222222
2020-06-21,34.2833333333333,25.7884645061728,20.2944444444444,"2020",173,480.411111111111
2020-06-22,24.3388888888889,20.7072337962963,18.0833333333333,"2020",174,491.622222222222
2020-06-23,31.9722222222222,24.884799382716,17.6055555555556,"2020",175,506.411111111111
2020-06-24,31.1777777777778,23.9951774691358,18.15,"2020",176,521.075
2020-06-25,30.4944444444444,23.9565779320988,15.5111111111111,"2020",177,534.077777777778
2020-06-26,31.1555555555556,24.6638695987654,17.6777777777778,"2020",178,548.494444444444
2020-06-27,30.7722222222222,22.3422453703704,16.2,"2020",179,561.980555555555
2020-06-28,31.0277777777778,21.2982445987654,16.5833333333333,"2020",180,575.786111111111
2020-06-29,23.5222222222222,19.2737461419753,17.1555555555556,"2020",181,586.125
2020-06-30,22.0611111111111,18.2356288580247,16.9166666666667,"2020",182,595.613888888889
2020-07-01,26.7444444444444,20.1495177469136,16.5833333333333,"2020",183,607.277777777778
2020-07-02,34.9166666666667,24.9981288580247,16.5833333333333,"2020",184,623.027777777778
2020-07-03,24.8944444444444,20.6586805555556,16.8666666666667,"2020",185,633.908333333333
2020-07-04,27.85,20.436612654321,16.25,"2020",186,645.958333333333
2020-07-05,33.5722222222222,23.0156635802469,17.8166666666667,"2020",187,661.652777777778
2020-07-06,24.8944444444444,19.8425154320988,16.5111111111111,"2020",188,672.355555555555
2020-07-07,30.3166666666667,21.5116319444444,15.9388888888889,"2020",189,685.483333333333
2020-07-08,33.4444444444444,24.6886959876543,18.9111111111111,"2020",190,701.661111111111
2020-07-09,36.7944444444444,27.0686728395062,21.5555555555556,"2020",191,720.836111111111
2020-07-10,29.9388888888889,24.187924382716,20.8666666666667,"2020",192,736.238888888889
2020-07-11,33.9944444444444,26.7210648148148,22.3666666666667,"2020",193,754.419444444444
2020-07-12,33.3388888888889,27.0674382716049,21.75,"2020",194,771.963888888889
2020-07-13,32.95,24.2650848765432,19.7,"2020",195,788.288888888889
2020-07-14,29.2666666666667,21.8096450617284,18.4166666666667,"2020",196,802.130555555556
2020-07-15,25.2833333333333,19.1826967592593,13.8333333333333,"2020",197,811.688888888889
2020-07-16,24.7277777777778,18.1876543209877,12.1722222222222,"2020",198,820.138888888889
2020-07-17,24.6777777777778,18.4391589506173,13.9777777777778,"2020",199,829.466666666667
2020-07-18,35.3166666666667,26.4962191358025,17.7944444444444,"2020",200,846.022222222222
2020-07-19,38.1444444444444,28.2216242283951,20.0333333333333,"2020",201,865.111111111111
2020-07-20,36.9055555555556,28.6358603395062,23.6666666666667,"2020",202,885.397222222222
2020-07-21,35.2888888888889,27.2768132716049,19.8166666666667,"2020",203,902.95
2020-07-22,30.5444444444444,22.6786844135802,19.15,"2020",204,917.797222222222
2020-07-23,33.8611111111111,24.584799382716,19.5777777777778,"2020",205,934.516666666667
2020-07-24,29.4388888888889,23.8553240740741,18.0833333333333,"2020",206,948.277777777778
2020-07-25,37.0666666666667,25.9260802469136,17.3888888888889,"2020",207,965.505555555555
2020-07-26,35.7444444444444,27.9510030864198,21.4388888888889,"2020",208,984.097222222222
2020-07-27,38.4222222222222,30.0495563271605,22.3666666666667,"2020",209,1004.49166666667
2020-07-28,37.5333333333333,29.8963734567901,23.8555555555556,"2020",210,1025.18611111111
2020-07-29,36.3611111111111,27.0328703703704,18.2944444444444,"2020",211,1042.51388888889
2020-07-30,35.6111111111111,26.7854938271605,21.8444444444444,"2020",212,1061.24166666667
2020-07-31,31.6111111111111,24.4216242283951,18.7444444444444,"2020",213,1076.41944444444
2020-08-01,32.8722222222222,24.9940586419753,17.2944444444444,"2020",214,1091.50277777778
2020-08-02,34.1222222222222,25.8299189814815,20.7944444444444,"2020",215,1108.96111111111
2020-08-03,36.6055555555556,28.7910686728395,23.4944444444444,"2020",216,1129.01111111111
2020-08-04,31.05,25.5764274691358,22.6555555555556,"2020",217,1145.86388888889
2020-08-05,36.7166666666667,27.0252507716049,19.65,"2020",218,1164.04722222222
2020-08-06,32.3833333333333,23.650424382716,14.9611111111111,"2020",219,1177.71944444444
2020-08-07,29.0388888888889,21.6396990740741,16.2944444444444,"2020",220,1190.38611111111
2020-08-08,32.9,23.9151813271605,17.9166666666667,"2020",221,1205.79444444444
2020-08-09,36.7444444444444,26.0569444444444,19.3888888888889,"2020",222,1223.86111111111
2020-08-10,38.5611111111111,28.5134452160494,20.9611111111111,"2020",223,1243.62222222222
2020-08-11,38.1722222222222,28.7622492283951,22.4666666666667,"2020",224,1263.94166666667
2020-08-12,38.0333333333333,28.5518132716049,22.5388888888889,"2020",225,1284.22777777778
2020-08-13,33.55,26.220736882716,19.6277777777778,"2020",226,1300.81666666667
2020-08-14,31.4333333333333,23.2458140432099,17.6777777777778,"2020",227,1315.37222222222
2020-08-15,22.0333333333333,19.5222222222222,17.75,"2020",228,1325.26388888889
2020-08-16,22.2277777777778,19.3598958333333,17.3666666666667,"2020",229,1335.06111111111
2020-08-17,26.1111111111111,19.4929591049383,16.2722222222222,"2020",230,1346.25277777778
2020-08-18,32.2277777777778,23.0067515432099,15.3444444444444,"2020",231,1360.03888888889
2020-08-19,30.8,19.5603780864198,12.2444444444444,"2020",232,1371.56111111111
2020-08-20,29.9666666666667,19.8537808641975,11.3444444444444,"2020",233,1382.21666666667
2020-08-21,34.7833333333333,24.4157214506173,14.8666666666667,"2020",234,1397.04166666667
2020-08-22,34.0722222222222,23.6038194444444,18.0555555555556,"2020",235,1413.10555555556
2020-08-23,36.85,22.7338734567901,16.7,"2020",236,1429.88055555556
2020-08-24,36.2,25.1718171296296,17.9166666666667,"2020",237,1446.93888888889
2020-08-25,22.9444444444444,22.1715909090909,21.6277777777778,"2020",238,1459.225
